<?xml version="1.1" encoding="UTF-8"?>
<linked-hash-map>
  <entry>
    <string>2</string>
    <Tag plugin="workflow-support@1010.vb_b_39488a_9841">
      <node class="org.jenkinsci.plugins.workflow.graph.FlowStartNode" plugin="workflow-api@1384.vdc05a_48f535f">
        <parentIds/>
        <id>2</id>
      </node>
      <actions>
        <wf.a.TimingAction plugin="workflow-api@1384.vdc05a_48f535f">
          <startTime>1765764281137</startTime>
        </wf.a.TimingAction>
      </actions>
    </Tag>
  </entry>
  <entry>
    <string>3</string>
    <Tag plugin="workflow-support@1010.vb_b_39488a_9841">
      <node class="cps.n.StepStartNode" plugin="workflow-cps@4238.va_6fb_65c1f699">
        <parentIds>
          <string>2</string>
        </parentIds>
        <id>3</id>
        <descriptorId>org.jenkinsci.plugins.workflow.support.steps.ExecutorStep</descriptorId>
      </node>
      <actions>
        <s.a.LogStorageAction/>
        <wf.a.TimingAction plugin="workflow-api@1384.vdc05a_48f535f">
          <startTime>1765764281857</startTime>
        </wf.a.TimingAction>
        <org.jenkinsci.plugins.workflow.support.steps.ExecutorStepExecution_-QueueItemActionImpl plugin="workflow-durable-task-step@1464.v2d3f5c68f84c">
          <id>2</id>
        </org.jenkinsci.plugins.workflow.support.steps.ExecutorStepExecution_-QueueItemActionImpl>
        <s.a.WorkspaceActionImpl>
          <node></node>
          <path>/var/jenkins_home/workspace/PLATFORM_LC/deploy_airflow_dag</path>
          <labels class="sorted-set"/>
        </s.a.WorkspaceActionImpl>
      </actions>
    </Tag>
  </entry>
  <entry>
    <string>4</string>
    <Tag plugin="workflow-support@1010.vb_b_39488a_9841">
      <node class="cps.n.StepStartNode" plugin="workflow-cps@4238.va_6fb_65c1f699">
        <parentIds>
          <string>3</string>
        </parentIds>
        <id>4</id>
        <descriptorId>org.jenkinsci.plugins.workflow.support.steps.ExecutorStep</descriptorId>
      </node>
      <actions>
        <wf.a.BodyInvocationAction plugin="workflow-api@1384.vdc05a_48f535f"/>
        <wf.a.TimingAction plugin="workflow-api@1384.vdc05a_48f535f">
          <startTime>1765764281957</startTime>
        </wf.a.TimingAction>
      </actions>
    </Tag>
  </entry>
  <entry>
    <string>5</string>
    <Tag plugin="workflow-support@1010.vb_b_39488a_9841">
      <node class="cps.n.StepStartNode" plugin="workflow-cps@4238.va_6fb_65c1f699">
        <parentIds>
          <string>4</string>
        </parentIds>
        <id>5</id>
        <descriptorId>org.jenkinsci.plugins.workflow.support.steps.StageStep</descriptorId>
      </node>
      <actions>
        <s.a.LogStorageAction/>
        <cps.a.ArgumentsActionImpl plugin="workflow-cps@4238.va_6fb_65c1f699">
          <arguments>
            <entry>
              <string>name</string>
              <string>Declarative: Checkout SCM</string>
            </entry>
          </arguments>
          <sensitiveVariables/>
          <isUnmodifiedBySanitization>true</isUnmodifiedBySanitization>
        </cps.a.ArgumentsActionImpl>
        <wf.a.TimingAction plugin="workflow-api@1384.vdc05a_48f535f">
          <startTime>1765764281986</startTime>
        </wf.a.TimingAction>
      </actions>
    </Tag>
  </entry>
  <entry>
    <string>6</string>
    <Tag plugin="workflow-support@1010.vb_b_39488a_9841">
      <node class="cps.n.StepStartNode" plugin="workflow-cps@4238.va_6fb_65c1f699">
        <parentIds>
          <string>5</string>
        </parentIds>
        <id>6</id>
        <descriptorId>org.jenkinsci.plugins.workflow.support.steps.StageStep</descriptorId>
      </node>
      <actions>
        <wf.a.BodyInvocationAction plugin="workflow-api@1384.vdc05a_48f535f"/>
        <wf.a.LabelAction plugin="workflow-api@1384.vdc05a_48f535f">
          <displayName>Declarative: Checkout SCM</displayName>
        </wf.a.LabelAction>
        <wf.a.TimingAction plugin="workflow-api@1384.vdc05a_48f535f">
          <startTime>1765764281988</startTime>
        </wf.a.TimingAction>
        <wf.a.TagsAction plugin="workflow-api@1384.vdc05a_48f535f">
          <tags>
            <entry>
              <string>SYNTHETIC_STAGE</string>
              <string>PRE</string>
            </entry>
          </tags>
        </wf.a.TagsAction>
      </actions>
    </Tag>
  </entry>
  <entry>
    <string>7</string>
    <Tag plugin="workflow-support@1010.vb_b_39488a_9841">
      <node class="cps.n.StepAtomNode" plugin="workflow-cps@4238.va_6fb_65c1f699">
        <parentIds>
          <string>6</string>
        </parentIds>
        <id>7</id>
        <descriptorId>org.jenkinsci.plugins.workflow.steps.scm.GenericSCMStep</descriptorId>
      </node>
      <actions>
        <cps.a.ArgumentsActionImpl plugin="workflow-cps@4238.va_6fb_65c1f699">
          <arguments>
            <entry>
              <string>scm</string>
              <org.jenkinsci.plugins.structs.describable.UninstantiatedDescribable plugin="structs@362.va_b_695ef4fdf9">
                <symbol>scmGit</symbol>
                <arguments class="tree-map">
                  <entry>
                    <string>branches</string>
                    <list>
                      <org.jenkinsci.plugins.structs.describable.UninstantiatedDescribable>
                        <arguments class="tree-map">
                          <entry>
                            <string>name</string>
                            <string>*/main</string>
                          </entry>
                        </arguments>
                        <model resolves-to="org.jenkinsci.plugins.structs.describable.DescribableModel$SerializedForm">
                          <type>hudson.plugins.git.BranchSpec</type>
                        </model>
                      </org.jenkinsci.plugins.structs.describable.UninstantiatedDescribable>
                    </list>
                  </entry>
                  <entry>
                    <string>extensions</string>
                    <list/>
                  </entry>
                  <entry>
                    <string>userRemoteConfigs</string>
                    <list>
                      <org.jenkinsci.plugins.structs.describable.UninstantiatedDescribable>
                        <arguments class="tree-map">
                          <entry>
                            <string>credentialsId</string>
                            <string>github_connection</string>
                          </entry>
                          <entry>
                            <string>url</string>
                            <string>https://github.com/saikumarpochireddygari/platform-service.git</string>
                          </entry>
                        </arguments>
                        <model resolves-to="org.jenkinsci.plugins.structs.describable.DescribableModel$SerializedForm">
                          <type>hudson.plugins.git.UserRemoteConfig</type>
                        </model>
                      </org.jenkinsci.plugins.structs.describable.UninstantiatedDescribable>
                    </list>
                  </entry>
                </arguments>
                <model resolves-to="org.jenkinsci.plugins.structs.describable.DescribableModel$SerializedForm">
                  <type>hudson.plugins.git.GitSCM</type>
                </model>
              </org.jenkinsci.plugins.structs.describable.UninstantiatedDescribable>
            </entry>
          </arguments>
          <sensitiveVariables/>
          <isUnmodifiedBySanitization>true</isUnmodifiedBySanitization>
        </cps.a.ArgumentsActionImpl>
        <wf.a.TimingAction plugin="workflow-api@1384.vdc05a_48f535f">
          <startTime>1765764282007</startTime>
        </wf.a.TimingAction>
        <s.a.LogStorageAction/>
      </actions>
    </Tag>
  </entry>
  <entry>
    <string>8</string>
    <Tag plugin="workflow-support@1010.vb_b_39488a_9841">
      <node class="cps.n.StepEndNode" plugin="workflow-cps@4238.va_6fb_65c1f699">
        <parentIds>
          <string>7</string>
        </parentIds>
        <id>8</id>
        <startId>6</startId>
      </node>
      <actions>
        <wf.a.BodyInvocationAction plugin="workflow-api@1384.vdc05a_48f535f"/>
        <wf.a.TimingAction plugin="workflow-api@1384.vdc05a_48f535f">
          <startTime>1765764282262</startTime>
        </wf.a.TimingAction>
      </actions>
    </Tag>
  </entry>
  <entry>
    <string>9</string>
    <Tag plugin="workflow-support@1010.vb_b_39488a_9841">
      <node class="cps.n.StepEndNode" plugin="workflow-cps@4238.va_6fb_65c1f699">
        <parentIds>
          <string>8</string>
        </parentIds>
        <id>9</id>
        <startId>5</startId>
      </node>
      <actions>
        <wf.a.TimingAction plugin="workflow-api@1384.vdc05a_48f535f">
          <startTime>1765764282273</startTime>
        </wf.a.TimingAction>
      </actions>
    </Tag>
  </entry>
  <entry>
    <string>10</string>
    <Tag plugin="workflow-support@1010.vb_b_39488a_9841">
      <node class="cps.n.StepStartNode" plugin="workflow-cps@4238.va_6fb_65c1f699">
        <parentIds>
          <string>9</string>
        </parentIds>
        <id>10</id>
        <descriptorId>org.jenkinsci.plugins.workflow.steps.EnvStep</descriptorId>
      </node>
      <actions>
        <s.a.LogStorageAction/>
        <cps.a.ArgumentsActionImpl plugin="workflow-cps@4238.va_6fb_65c1f699">
          <arguments>
            <entry>
              <string>overrides</string>
              <list>
                <string>GIT_BRANCH=origin/main</string>
                <string>GIT_COMMIT=82b89e7b5acc8604017875f05855156f9aef44e7</string>
                <string>GIT_URL=https://github.com/saikumarpochireddygari/platform-service.git</string>
              </list>
            </entry>
          </arguments>
          <sensitiveVariables/>
          <isUnmodifiedBySanitization>true</isUnmodifiedBySanitization>
        </cps.a.ArgumentsActionImpl>
        <wf.a.TimingAction plugin="workflow-api@1384.vdc05a_48f535f">
          <startTime>1765764282301</startTime>
        </wf.a.TimingAction>
      </actions>
    </Tag>
  </entry>
  <entry>
    <string>11</string>
    <Tag plugin="workflow-support@1010.vb_b_39488a_9841">
      <node class="cps.n.StepStartNode" plugin="workflow-cps@4238.va_6fb_65c1f699">
        <parentIds>
          <string>10</string>
        </parentIds>
        <id>11</id>
        <descriptorId>org.jenkinsci.plugins.workflow.steps.EnvStep</descriptorId>
      </node>
      <actions>
        <wf.a.BodyInvocationAction plugin="workflow-api@1384.vdc05a_48f535f"/>
        <wf.a.TimingAction plugin="workflow-api@1384.vdc05a_48f535f">
          <startTime>1765764282303</startTime>
        </wf.a.TimingAction>
      </actions>
    </Tag>
  </entry>
  <entry>
    <string>12</string>
    <Tag plugin="workflow-support@1010.vb_b_39488a_9841">
      <node class="cps.n.StepStartNode" plugin="workflow-cps@4238.va_6fb_65c1f699">
        <parentIds>
          <string>11</string>
        </parentIds>
        <id>12</id>
        <descriptorId>org.jenkinsci.plugins.workflow.steps.EnvStep</descriptorId>
      </node>
      <actions>
        <s.a.LogStorageAction/>
        <cps.a.ArgumentsActionImpl plugin="workflow-cps@4238.va_6fb_65c1f699">
          <arguments>
            <entry>
              <string>overrides</string>
              <list>
                <string>SHARED_DAG_DIR=/workspace/airflow/dags</string>
                <string>SPOKE_DIR=spoke_repo</string>
              </list>
            </entry>
          </arguments>
          <sensitiveVariables/>
          <isUnmodifiedBySanitization>true</isUnmodifiedBySanitization>
        </cps.a.ArgumentsActionImpl>
        <wf.a.TimingAction plugin="workflow-api@1384.vdc05a_48f535f">
          <startTime>1765764282324</startTime>
        </wf.a.TimingAction>
      </actions>
    </Tag>
  </entry>
  <entry>
    <string>13</string>
    <Tag plugin="workflow-support@1010.vb_b_39488a_9841">
      <node class="cps.n.StepStartNode" plugin="workflow-cps@4238.va_6fb_65c1f699">
        <parentIds>
          <string>12</string>
        </parentIds>
        <id>13</id>
        <descriptorId>org.jenkinsci.plugins.workflow.steps.EnvStep</descriptorId>
      </node>
      <actions>
        <wf.a.BodyInvocationAction plugin="workflow-api@1384.vdc05a_48f535f"/>
        <wf.a.TimingAction plugin="workflow-api@1384.vdc05a_48f535f">
          <startTime>1765764282326</startTime>
        </wf.a.TimingAction>
      </actions>
    </Tag>
  </entry>
  <entry>
    <string>14</string>
    <Tag plugin="workflow-support@1010.vb_b_39488a_9841">
      <node class="cps.n.StepStartNode" plugin="workflow-cps@4238.va_6fb_65c1f699">
        <parentIds>
          <string>13</string>
        </parentIds>
        <id>14</id>
        <descriptorId>org.jenkinsci.plugins.workflow.support.steps.StageStep</descriptorId>
      </node>
      <actions>
        <s.a.LogStorageAction/>
        <cps.a.ArgumentsActionImpl plugin="workflow-cps@4238.va_6fb_65c1f699">
          <arguments>
            <entry>
              <string>name</string>
              <string>Checkout Platform Repo</string>
            </entry>
          </arguments>
          <sensitiveVariables/>
          <isUnmodifiedBySanitization>true</isUnmodifiedBySanitization>
        </cps.a.ArgumentsActionImpl>
        <wf.a.TimingAction plugin="workflow-api@1384.vdc05a_48f535f">
          <startTime>1765764282343</startTime>
        </wf.a.TimingAction>
      </actions>
    </Tag>
  </entry>
  <entry>
    <string>15</string>
    <Tag plugin="workflow-support@1010.vb_b_39488a_9841">
      <node class="cps.n.StepStartNode" plugin="workflow-cps@4238.va_6fb_65c1f699">
        <parentIds>
          <string>14</string>
        </parentIds>
        <id>15</id>
        <descriptorId>org.jenkinsci.plugins.workflow.support.steps.StageStep</descriptorId>
      </node>
      <actions>
        <wf.a.BodyInvocationAction plugin="workflow-api@1384.vdc05a_48f535f"/>
        <wf.a.LabelAction plugin="workflow-api@1384.vdc05a_48f535f">
          <displayName>Checkout Platform Repo</displayName>
        </wf.a.LabelAction>
        <wf.a.TimingAction plugin="workflow-api@1384.vdc05a_48f535f">
          <startTime>1765764282344</startTime>
        </wf.a.TimingAction>
      </actions>
    </Tag>
  </entry>
  <entry>
    <string>16</string>
    <Tag plugin="workflow-support@1010.vb_b_39488a_9841">
      <node class="cps.n.StepAtomNode" plugin="workflow-cps@4238.va_6fb_65c1f699">
        <parentIds>
          <string>15</string>
        </parentIds>
        <id>16</id>
        <descriptorId>org.jenkinsci.plugins.workflow.steps.scm.GenericSCMStep</descriptorId>
      </node>
      <actions>
        <cps.a.ArgumentsActionImpl plugin="workflow-cps@4238.va_6fb_65c1f699">
          <arguments>
            <entry>
              <string>scm</string>
              <org.jenkinsci.plugins.structs.describable.UninstantiatedDescribable plugin="structs@362.va_b_695ef4fdf9">
                <symbol>scmGit</symbol>
                <arguments class="tree-map">
                  <entry>
                    <string>branches</string>
                    <list>
                      <org.jenkinsci.plugins.structs.describable.UninstantiatedDescribable>
                        <arguments class="tree-map">
                          <entry>
                            <string>name</string>
                            <string>*/main</string>
                          </entry>
                        </arguments>
                        <model resolves-to="org.jenkinsci.plugins.structs.describable.DescribableModel$SerializedForm">
                          <type>hudson.plugins.git.BranchSpec</type>
                        </model>
                      </org.jenkinsci.plugins.structs.describable.UninstantiatedDescribable>
                    </list>
                  </entry>
                  <entry>
                    <string>extensions</string>
                    <list/>
                  </entry>
                  <entry>
                    <string>userRemoteConfigs</string>
                    <list>
                      <org.jenkinsci.plugins.structs.describable.UninstantiatedDescribable>
                        <arguments class="tree-map">
                          <entry>
                            <string>credentialsId</string>
                            <string>github_connection</string>
                          </entry>
                          <entry>
                            <string>url</string>
                            <string>https://github.com/saikumarpochireddygari/platform-service.git</string>
                          </entry>
                        </arguments>
                        <model resolves-to="org.jenkinsci.plugins.structs.describable.DescribableModel$SerializedForm">
                          <type>hudson.plugins.git.UserRemoteConfig</type>
                        </model>
                      </org.jenkinsci.plugins.structs.describable.UninstantiatedDescribable>
                    </list>
                  </entry>
                </arguments>
                <model reference="../../../../../../../../entry[6]/Tag/actions/cps.a.ArgumentsActionImpl/arguments/entry/org.jenkinsci.plugins.structs.describable.UninstantiatedDescribable/model"/>
              </org.jenkinsci.plugins.structs.describable.UninstantiatedDescribable>
            </entry>
          </arguments>
          <sensitiveVariables/>
          <isUnmodifiedBySanitization>true</isUnmodifiedBySanitization>
        </cps.a.ArgumentsActionImpl>
        <wf.a.TimingAction plugin="workflow-api@1384.vdc05a_48f535f">
          <startTime>1765764282375</startTime>
        </wf.a.TimingAction>
        <s.a.LogStorageAction/>
      </actions>
    </Tag>
  </entry>
  <entry>
    <string>17</string>
    <Tag plugin="workflow-support@1010.vb_b_39488a_9841">
      <node class="cps.n.StepEndNode" plugin="workflow-cps@4238.va_6fb_65c1f699">
        <parentIds>
          <string>16</string>
        </parentIds>
        <id>17</id>
        <startId>15</startId>
      </node>
      <actions>
        <wf.a.BodyInvocationAction plugin="workflow-api@1384.vdc05a_48f535f"/>
        <wf.a.TimingAction plugin="workflow-api@1384.vdc05a_48f535f">
          <startTime>1765764282534</startTime>
        </wf.a.TimingAction>
      </actions>
    </Tag>
  </entry>
  <entry>
    <string>18</string>
    <Tag plugin="workflow-support@1010.vb_b_39488a_9841">
      <node class="cps.n.StepEndNode" plugin="workflow-cps@4238.va_6fb_65c1f699">
        <parentIds>
          <string>17</string>
        </parentIds>
        <id>18</id>
        <startId>14</startId>
      </node>
      <actions>
        <wf.a.TimingAction plugin="workflow-api@1384.vdc05a_48f535f">
          <startTime>1765764282545</startTime>
        </wf.a.TimingAction>
      </actions>
    </Tag>
  </entry>
  <entry>
    <string>19</string>
    <Tag plugin="workflow-support@1010.vb_b_39488a_9841">
      <node class="cps.n.StepStartNode" plugin="workflow-cps@4238.va_6fb_65c1f699">
        <parentIds>
          <string>18</string>
        </parentIds>
        <id>19</id>
        <descriptorId>org.jenkinsci.plugins.workflow.support.steps.StageStep</descriptorId>
      </node>
      <actions>
        <s.a.LogStorageAction/>
        <cps.a.ArgumentsActionImpl plugin="workflow-cps@4238.va_6fb_65c1f699">
          <arguments>
            <entry>
              <string>name</string>
              <string>Auth: AD Groups via Python</string>
            </entry>
          </arguments>
          <sensitiveVariables/>
          <isUnmodifiedBySanitization>true</isUnmodifiedBySanitization>
        </cps.a.ArgumentsActionImpl>
        <wf.a.TimingAction plugin="workflow-api@1384.vdc05a_48f535f">
          <startTime>1765764282552</startTime>
        </wf.a.TimingAction>
      </actions>
    </Tag>
  </entry>
  <entry>
    <string>20</string>
    <Tag plugin="workflow-support@1010.vb_b_39488a_9841">
      <node class="cps.n.StepStartNode" plugin="workflow-cps@4238.va_6fb_65c1f699">
        <parentIds>
          <string>19</string>
        </parentIds>
        <id>20</id>
        <descriptorId>org.jenkinsci.plugins.workflow.support.steps.StageStep</descriptorId>
      </node>
      <actions>
        <wf.a.BodyInvocationAction plugin="workflow-api@1384.vdc05a_48f535f"/>
        <wf.a.LabelAction plugin="workflow-api@1384.vdc05a_48f535f">
          <displayName>Auth: AD Groups via Python</displayName>
        </wf.a.LabelAction>
        <wf.a.TimingAction plugin="workflow-api@1384.vdc05a_48f535f">
          <startTime>1765764282553</startTime>
        </wf.a.TimingAction>
      </actions>
    </Tag>
  </entry>
  <entry>
    <string>21</string>
    <Tag plugin="workflow-support@1010.vb_b_39488a_9841">
      <node class="cps.n.StepAtomNode" plugin="workflow-cps@4238.va_6fb_65c1f699">
        <parentIds>
          <string>20</string>
        </parentIds>
        <id>21</id>
        <descriptorId>org.jenkinsci.plugins.workflow.steps.durable_task.ShellStep</descriptorId>
      </node>
      <actions>
        <cps.a.ArgumentsActionImpl plugin="workflow-cps@4238.va_6fb_65c1f699">
          <arguments>
            <entry>
              <string>script</string>
              <string>
          echo &quot;Running authz.py for user=alice, env=dev&quot;
          python3 scripts/authz.py \
            --env dev \
            --user alice \
            --action deploy_dag \
            --base-dir .
        </string>
            </entry>
          </arguments>
          <sensitiveVariables/>
          <isUnmodifiedBySanitization>true</isUnmodifiedBySanitization>
        </cps.a.ArgumentsActionImpl>
        <wf.a.TimingAction plugin="workflow-api@1384.vdc05a_48f535f">
          <startTime>1765764282570</startTime>
        </wf.a.TimingAction>
        <s.a.LogStorageAction/>
      </actions>
    </Tag>
  </entry>
  <entry>
    <string>22</string>
    <Tag plugin="workflow-support@1010.vb_b_39488a_9841">
      <node class="cps.n.StepEndNode" plugin="workflow-cps@4238.va_6fb_65c1f699">
        <parentIds>
          <string>21</string>
        </parentIds>
        <id>22</id>
        <startId>20</startId>
      </node>
      <actions>
        <wf.a.BodyInvocationAction plugin="workflow-api@1384.vdc05a_48f535f"/>
        <wf.a.TimingAction plugin="workflow-api@1384.vdc05a_48f535f">
          <startTime>1765764282857</startTime>
        </wf.a.TimingAction>
      </actions>
    </Tag>
  </entry>
  <entry>
    <string>23</string>
    <Tag plugin="workflow-support@1010.vb_b_39488a_9841">
      <node class="cps.n.StepEndNode" plugin="workflow-cps@4238.va_6fb_65c1f699">
        <parentIds>
          <string>22</string>
        </parentIds>
        <id>23</id>
        <startId>19</startId>
      </node>
      <actions>
        <wf.a.TimingAction plugin="workflow-api@1384.vdc05a_48f535f">
          <startTime>1765764282870</startTime>
        </wf.a.TimingAction>
      </actions>
    </Tag>
  </entry>
  <entry>
    <string>24</string>
    <Tag plugin="workflow-support@1010.vb_b_39488a_9841">
      <node class="cps.n.StepStartNode" plugin="workflow-cps@4238.va_6fb_65c1f699">
        <parentIds>
          <string>23</string>
        </parentIds>
        <id>24</id>
        <descriptorId>org.jenkinsci.plugins.workflow.support.steps.StageStep</descriptorId>
      </node>
      <actions>
        <s.a.LogStorageAction/>
        <cps.a.ArgumentsActionImpl plugin="workflow-cps@4238.va_6fb_65c1f699">
          <arguments>
            <entry>
              <string>name</string>
              <string>Checkout Spoke Repo</string>
            </entry>
          </arguments>
          <sensitiveVariables/>
          <isUnmodifiedBySanitization>true</isUnmodifiedBySanitization>
        </cps.a.ArgumentsActionImpl>
        <wf.a.TimingAction plugin="workflow-api@1384.vdc05a_48f535f">
          <startTime>1765764282879</startTime>
        </wf.a.TimingAction>
      </actions>
    </Tag>
  </entry>
  <entry>
    <string>25</string>
    <Tag plugin="workflow-support@1010.vb_b_39488a_9841">
      <node class="cps.n.StepStartNode" plugin="workflow-cps@4238.va_6fb_65c1f699">
        <parentIds>
          <string>24</string>
        </parentIds>
        <id>25</id>
        <descriptorId>org.jenkinsci.plugins.workflow.support.steps.StageStep</descriptorId>
      </node>
      <actions>
        <wf.a.BodyInvocationAction plugin="workflow-api@1384.vdc05a_48f535f"/>
        <wf.a.LabelAction plugin="workflow-api@1384.vdc05a_48f535f">
          <displayName>Checkout Spoke Repo</displayName>
        </wf.a.LabelAction>
        <wf.a.TimingAction plugin="workflow-api@1384.vdc05a_48f535f">
          <startTime>1765764282880</startTime>
        </wf.a.TimingAction>
        <wf.a.TagsAction plugin="workflow-api@1384.vdc05a_48f535f">
          <tags>
            <entry>
              <string>STAGE_STATUS</string>
              <string>FAILED_AND_CONTINUED</string>
            </entry>
          </tags>
        </wf.a.TagsAction>
      </actions>
    </Tag>
  </entry>
  <entry>
    <string>26</string>
    <Tag plugin="workflow-support@1010.vb_b_39488a_9841">
      <node class="cps.n.StepStartNode" plugin="workflow-cps@4238.va_6fb_65c1f699">
        <parentIds>
          <string>25</string>
        </parentIds>
        <id>26</id>
        <descriptorId>org.jenkinsci.plugins.pipeline.modeldefinition.steps.ScriptStep</descriptorId>
      </node>
      <actions>
        <s.a.LogStorageAction/>
        <wf.a.TimingAction plugin="workflow-api@1384.vdc05a_48f535f">
          <startTime>1765764282896</startTime>
        </wf.a.TimingAction>
      </actions>
    </Tag>
  </entry>
  <entry>
    <string>27</string>
    <Tag plugin="workflow-support@1010.vb_b_39488a_9841">
      <node class="cps.n.StepStartNode" plugin="workflow-cps@4238.va_6fb_65c1f699">
        <parentIds>
          <string>26</string>
        </parentIds>
        <id>27</id>
        <descriptorId>org.jenkinsci.plugins.pipeline.modeldefinition.steps.ScriptStep</descriptorId>
      </node>
      <actions>
        <wf.a.BodyInvocationAction plugin="workflow-api@1384.vdc05a_48f535f"/>
        <wf.a.TimingAction plugin="workflow-api@1384.vdc05a_48f535f">
          <startTime>1765764282906</startTime>
        </wf.a.TimingAction>
      </actions>
    </Tag>
  </entry>
  <entry>
    <string>28</string>
    <Tag plugin="workflow-support@1010.vb_b_39488a_9841">
      <node class="cps.n.StepAtomNode" plugin="workflow-cps@4238.va_6fb_65c1f699">
        <parentIds>
          <string>27</string>
        </parentIds>
        <id>28</id>
        <descriptorId>org.jenkinsci.plugins.workflow.steps.ErrorStep</descriptorId>
      </node>
      <actions>
        <cps.a.ArgumentsActionImpl plugin="workflow-cps@4238.va_6fb_65c1f699">
          <arguments>
            <entry>
              <string>message</string>
              <string>USER_REPO_URL is required</string>
            </entry>
          </arguments>
          <sensitiveVariables/>
          <isUnmodifiedBySanitization>true</isUnmodifiedBySanitization>
        </cps.a.ArgumentsActionImpl>
        <wf.a.TimingAction plugin="workflow-api@1384.vdc05a_48f535f">
          <startTime>1765764282925</startTime>
        </wf.a.TimingAction>
        <s.a.LogStorageAction/>
        <wf.a.ErrorAction plugin="workflow-api@1384.vdc05a_48f535f">
          <error class="hudson.AbortException">
            <detailMessage>USER_REPO_URL is required</detailMessage>
            <stackTrace>
              <trace>PluginClassLoader for workflow-basic-steps//org.jenkinsci.plugins.workflow.steps.ErrorStep$Execution.run(ErrorStep.java:64)</trace>
              <trace>PluginClassLoader for workflow-basic-steps//org.jenkinsci.plugins.workflow.steps.ErrorStep$Execution.run(ErrorStep.java:51)</trace>
              <trace>PluginClassLoader for workflow-step-api//org.jenkinsci.plugins.workflow.steps.SynchronousStepExecution.start(SynchronousStepExecution.java:38)</trace>
              <trace>PluginClassLoader for workflow-cps//org.jenkinsci.plugins.workflow.cps.DSL.invokeStep(DSL.java:333)</trace>
              <trace>PluginClassLoader for workflow-cps//org.jenkinsci.plugins.workflow.cps.DSL.invokeMethod(DSL.java:194)</trace>
              <trace>PluginClassLoader for workflow-cps//org.jenkinsci.plugins.workflow.cps.CpsScript.invokeMethod(CpsScript.java:124)</trace>
              <trace>java.base/jdk.internal.reflect.DirectMethodHandleAccessor.invoke(Unknown Source)</trace>
              <trace>java.base/java.lang.reflect.Method.invoke(Unknown Source)</trace>
              <trace>org.codehaus.groovy.reflection.CachedMethod.invoke(CachedMethod.java:98)</trace>
              <trace>groovy.lang.MetaMethod.doMethodInvoke(MetaMethod.java:325)</trace>
              <trace>groovy.lang.MetaClassImpl.invokeMethod(MetaClassImpl.java:1225)</trace>
              <trace>groovy.lang.MetaClassImpl.invokeMethod(MetaClassImpl.java:1034)</trace>
              <trace>org.codehaus.groovy.runtime.callsite.PogoMetaClassSite.call(PogoMetaClassSite.java:41)</trace>
              <trace>org.codehaus.groovy.runtime.callsite.CallSiteArray.defaultCall(CallSiteArray.java:47)</trace>
              <trace>org.codehaus.groovy.runtime.callsite.AbstractCallSite.call(AbstractCallSite.java:116)</trace>
              <trace>PluginClassLoader for script-security//org.kohsuke.groovy.sandbox.impl.Checker$1.call(Checker.java:180)</trace>
              <trace>PluginClassLoader for script-security//org.kohsuke.groovy.sandbox.GroovyInterceptor.onMethodCall(GroovyInterceptor.java:23)</trace>
              <trace>PluginClassLoader for script-security//org.jenkinsci.plugins.scriptsecurity.sandbox.groovy.SandboxInterceptor.onMethodCall(SandboxInterceptor.java:163)</trace>
              <trace>PluginClassLoader for script-security//org.kohsuke.groovy.sandbox.impl.Checker$1.call(Checker.java:178)</trace>
              <trace>PluginClassLoader for script-security//org.kohsuke.groovy.sandbox.impl.Checker.checkedCall(Checker.java:182)</trace>
              <trace>PluginClassLoader for script-security//org.kohsuke.groovy.sandbox.impl.Checker.checkedCall(Checker.java:152)</trace>
              <trace>PluginClassLoader for script-security//org.kohsuke.groovy.sandbox.impl.Checker.checkedCall(Checker.java:152)</trace>
              <trace>PluginClassLoader for workflow-cps//com.cloudbees.groovy.cps.sandbox.SandboxInvoker.methodCall(SandboxInvoker.java:17)</trace>
              <trace>PluginClassLoader for workflow-cps//org.jenkinsci.plugins.workflow.cps.LoggingInvoker.methodCall(LoggingInvoker.java:120)</trace>
              <trace>WorkflowScript.run(WorkflowScript:56)</trace>
              <trace>___cps.transform___(Native Method)</trace>
              <trace>PluginClassLoader for workflow-cps//com.cloudbees.groovy.cps.impl.ContinuationGroup.methodCall(ContinuationGroup.java:107)</trace>
              <trace>PluginClassLoader for workflow-cps//com.cloudbees.groovy.cps.impl.FunctionCallBlock$ContinuationImpl.dispatchOrArg(FunctionCallBlock.java:118)</trace>
              <trace>PluginClassLoader for workflow-cps//com.cloudbees.groovy.cps.impl.FunctionCallBlock$ContinuationImpl.fixArg(FunctionCallBlock.java:87)</trace>
              <trace>java.base/jdk.internal.reflect.DirectMethodHandleAccessor.invoke(Unknown Source)</trace>
              <trace>java.base/java.lang.reflect.Method.invoke(Unknown Source)</trace>
              <trace>PluginClassLoader for workflow-cps//com.cloudbees.groovy.cps.impl.ContinuationPtr$ContinuationImpl.receive(ContinuationPtr.java:71)</trace>
              <trace>PluginClassLoader for workflow-cps//com.cloudbees.groovy.cps.impl.ConstantBlock.eval(ConstantBlock.java:21)</trace>
              <trace>PluginClassLoader for workflow-cps//com.cloudbees.groovy.cps.Next.step(Next.java:84)</trace>
              <trace>PluginClassLoader for workflow-cps//com.cloudbees.groovy.cps.Continuable.run0(Continuable.java:142)</trace>
              <trace>PluginClassLoader for workflow-cps//org.jenkinsci.plugins.workflow.cps.SandboxContinuable.access$001(SandboxContinuable.java:17)</trace>
              <trace>PluginClassLoader for workflow-cps//org.jenkinsci.plugins.workflow.cps.SandboxContinuable.run0(SandboxContinuable.java:48)</trace>
              <trace>PluginClassLoader for workflow-cps//org.jenkinsci.plugins.workflow.cps.CpsThread.runNextChunk(CpsThread.java:188)</trace>
              <trace>PluginClassLoader for workflow-cps//org.jenkinsci.plugins.workflow.cps.CpsThreadGroup.run(CpsThreadGroup.java:464)</trace>
              <trace>PluginClassLoader for workflow-cps//org.jenkinsci.plugins.workflow.cps.CpsThreadGroup$2.call(CpsThreadGroup.java:372)</trace>
              <trace>PluginClassLoader for workflow-cps//org.jenkinsci.plugins.workflow.cps.CpsThreadGroup$2.call(CpsThreadGroup.java:302)</trace>
              <trace>PluginClassLoader for workflow-cps//org.jenkinsci.plugins.workflow.cps.CpsVmExecutorService.lambda$wrap$4(CpsVmExecutorService.java:143)</trace>
              <trace>java.base/java.util.concurrent.FutureTask.run(Unknown Source)</trace>
              <trace>hudson.remoting.SingleLaneExecutorService$1.run(SingleLaneExecutorService.java:139)</trace>
              <trace>jenkins.util.ContextResettingExecutorService$1.run(ContextResettingExecutorService.java:28)</trace>
              <trace>jenkins.security.ImpersonatingExecutorService$1.run(ImpersonatingExecutorService.java:68)</trace>
              <trace>jenkins.util.ErrorLoggingExecutorService.lambda$wrap$0(ErrorLoggingExecutorService.java:51)</trace>
              <trace>java.base/java.util.concurrent.Executors$RunnableAdapter.call(Unknown Source)</trace>
              <trace>java.base/java.util.concurrent.FutureTask.run(Unknown Source)</trace>
              <trace>java.base/java.util.concurrent.ThreadPoolExecutor.runWorker(Unknown Source)</trace>
              <trace>java.base/java.util.concurrent.ThreadPoolExecutor$Worker.run(Unknown Source)</trace>
              <trace>PluginClassLoader for workflow-cps//org.jenkinsci.plugins.workflow.cps.CpsVmExecutorService$1.call(CpsVmExecutorService.java:53)</trace>
              <trace>PluginClassLoader for workflow-cps//org.jenkinsci.plugins.workflow.cps.CpsVmExecutorService$1.call(CpsVmExecutorService.java:50)</trace>
              <trace>org.codehaus.groovy.runtime.GroovyCategorySupport$ThreadCategoryInfo.use(GroovyCategorySupport.java:136)</trace>
              <trace>org.codehaus.groovy.runtime.GroovyCategorySupport.use(GroovyCategorySupport.java:275)</trace>
              <trace>PluginClassLoader for workflow-cps//org.jenkinsci.plugins.workflow.cps.CpsVmExecutorService.lambda$categoryThreadFactory$0(CpsVmExecutorService.java:50)</trace>
              <trace>java.base/java.lang.Thread.run(Unknown Source)</trace>
            </stackTrace>
            <suppressedExceptions>
              <wf.a.ErrorAction_-ErrorId>
                <stackTrace/>
                <suppressedExceptions class="empty-list"/>
                <uuid>da7880f9-2549-4cb6-ab05-c5c73e918687</uuid>
              </wf.a.ErrorAction_-ErrorId>
            </suppressedExceptions>
          </error>
        </wf.a.ErrorAction>
      </actions>
    </Tag>
  </entry>
  <entry>
    <string>29</string>
    <Tag plugin="workflow-support@1010.vb_b_39488a_9841">
      <node class="cps.n.StepEndNode" plugin="workflow-cps@4238.va_6fb_65c1f699">
        <parentIds>
          <string>28</string>
        </parentIds>
        <id>29</id>
        <startId>27</startId>
      </node>
      <actions>
        <wf.a.BodyInvocationAction plugin="workflow-api@1384.vdc05a_48f535f"/>
        <wf.a.TimingAction plugin="workflow-api@1384.vdc05a_48f535f">
          <startTime>1765764282932</startTime>
        </wf.a.TimingAction>
        <wf.a.ErrorAction plugin="workflow-api@1384.vdc05a_48f535f">
          <error class="hudson.AbortException" reference="../../../../../entry[27]/Tag/actions/wf.a.ErrorAction/error"/>
        </wf.a.ErrorAction>
      </actions>
    </Tag>
  </entry>
  <entry>
    <string>30</string>
    <Tag plugin="workflow-support@1010.vb_b_39488a_9841">
      <node class="cps.n.StepEndNode" plugin="workflow-cps@4238.va_6fb_65c1f699">
        <parentIds>
          <string>29</string>
        </parentIds>
        <id>30</id>
        <startId>26</startId>
      </node>
      <actions>
        <wf.a.TimingAction plugin="workflow-api@1384.vdc05a_48f535f">
          <startTime>1765764282943</startTime>
        </wf.a.TimingAction>
        <wf.a.ErrorAction plugin="workflow-api@1384.vdc05a_48f535f">
          <error class="hudson.AbortException" reference="../../../../../entry[27]/Tag/actions/wf.a.ErrorAction/error"/>
        </wf.a.ErrorAction>
      </actions>
    </Tag>
  </entry>
  <entry>
    <string>31</string>
    <Tag plugin="workflow-support@1010.vb_b_39488a_9841">
      <node class="cps.n.StepEndNode" plugin="workflow-cps@4238.va_6fb_65c1f699">
        <parentIds>
          <string>30</string>
        </parentIds>
        <id>31</id>
        <startId>25</startId>
      </node>
      <actions>
        <wf.a.BodyInvocationAction plugin="workflow-api@1384.vdc05a_48f535f"/>
        <wf.a.TimingAction plugin="workflow-api@1384.vdc05a_48f535f">
          <startTime>1765764282992</startTime>
        </wf.a.TimingAction>
        <wf.a.ErrorAction plugin="workflow-api@1384.vdc05a_48f535f">
          <error class="hudson.AbortException" reference="../../../../../entry[27]/Tag/actions/wf.a.ErrorAction/error"/>
        </wf.a.ErrorAction>
      </actions>
    </Tag>
  </entry>
  <entry>
    <string>32</string>
    <Tag plugin="workflow-support@1010.vb_b_39488a_9841">
      <node class="cps.n.StepEndNode" plugin="workflow-cps@4238.va_6fb_65c1f699">
        <parentIds>
          <string>31</string>
        </parentIds>
        <id>32</id>
        <startId>24</startId>
      </node>
      <actions>
        <wf.a.TimingAction plugin="workflow-api@1384.vdc05a_48f535f">
          <startTime>1765764283008</startTime>
        </wf.a.TimingAction>
        <wf.a.ErrorAction plugin="workflow-api@1384.vdc05a_48f535f">
          <error class="hudson.AbortException" reference="../../../../../entry[27]/Tag/actions/wf.a.ErrorAction/error"/>
        </wf.a.ErrorAction>
      </actions>
    </Tag>
  </entry>
  <entry>
    <string>33</string>
    <Tag plugin="workflow-support@1010.vb_b_39488a_9841">
      <node class="cps.n.StepStartNode" plugin="workflow-cps@4238.va_6fb_65c1f699">
        <parentIds>
          <string>32</string>
        </parentIds>
        <id>33</id>
        <descriptorId>org.jenkinsci.plugins.workflow.support.steps.StageStep</descriptorId>
      </node>
      <actions>
        <s.a.LogStorageAction/>
        <cps.a.ArgumentsActionImpl plugin="workflow-cps@4238.va_6fb_65c1f699">
          <arguments>
            <entry>
              <string>name</string>
              <string>Validate project.json &amp; DAG structure</string>
            </entry>
          </arguments>
          <sensitiveVariables/>
          <isUnmodifiedBySanitization>true</isUnmodifiedBySanitization>
        </cps.a.ArgumentsActionImpl>
        <wf.a.TimingAction plugin="workflow-api@1384.vdc05a_48f535f">
          <startTime>1765764283016</startTime>
        </wf.a.TimingAction>
      </actions>
    </Tag>
  </entry>
  <entry>
    <string>34</string>
    <Tag plugin="workflow-support@1010.vb_b_39488a_9841">
      <node class="cps.n.StepStartNode" plugin="workflow-cps@4238.va_6fb_65c1f699">
        <parentIds>
          <string>33</string>
        </parentIds>
        <id>34</id>
        <descriptorId>org.jenkinsci.plugins.workflow.support.steps.StageStep</descriptorId>
      </node>
      <actions>
        <wf.a.BodyInvocationAction plugin="workflow-api@1384.vdc05a_48f535f"/>
        <wf.a.LabelAction plugin="workflow-api@1384.vdc05a_48f535f">
          <displayName>Validate project.json &amp; DAG structure</displayName>
        </wf.a.LabelAction>
        <wf.a.TimingAction plugin="workflow-api@1384.vdc05a_48f535f">
          <startTime>1765764283017</startTime>
        </wf.a.TimingAction>
        <wf.a.TagsAction plugin="workflow-api@1384.vdc05a_48f535f">
          <tags>
            <entry>
              <string>STAGE_STATUS</string>
              <string>SKIPPED_FOR_FAILURE</string>
            </entry>
          </tags>
        </wf.a.TagsAction>
      </actions>
    </Tag>
  </entry>
  <entry>
    <string>35</string>
    <Tag plugin="workflow-support@1010.vb_b_39488a_9841">
      <node class="cps.n.StepAtomNode" plugin="workflow-cps@4238.va_6fb_65c1f699">
        <parentIds>
          <string>34</string>
        </parentIds>
        <id>35</id>
        <descriptorId>org.jenkinsci.plugins.workflow.steps.GetContextStep</descriptorId>
      </node>
      <actions>
        <cps.a.ArgumentsActionImpl plugin="workflow-cps@4238.va_6fb_65c1f699">
          <arguments>
            <entry>
              <string>type</string>
              <wf.a.ArgumentsAction_-NotStoredReason>UNSERIALIZABLE</wf.a.ArgumentsAction_-NotStoredReason>
            </entry>
          </arguments>
          <sensitiveVariables/>
          <isUnmodifiedBySanitization>false</isUnmodifiedBySanitization>
        </cps.a.ArgumentsActionImpl>
        <wf.a.TimingAction plugin="workflow-api@1384.vdc05a_48f535f">
          <startTime>1765764283044</startTime>
        </wf.a.TimingAction>
        <s.a.LogStorageAction/>
      </actions>
    </Tag>
  </entry>
  <entry>
    <string>36</string>
    <Tag plugin="workflow-support@1010.vb_b_39488a_9841">
      <node class="cps.n.StepEndNode" plugin="workflow-cps@4238.va_6fb_65c1f699">
        <parentIds>
          <string>35</string>
        </parentIds>
        <id>36</id>
        <startId>34</startId>
      </node>
      <actions>
        <wf.a.BodyInvocationAction plugin="workflow-api@1384.vdc05a_48f535f"/>
        <wf.a.TimingAction plugin="workflow-api@1384.vdc05a_48f535f">
          <startTime>1765764283059</startTime>
        </wf.a.TimingAction>
        <wf.a.ErrorAction plugin="workflow-api@1384.vdc05a_48f535f">
          <error class="hudson.AbortException" reference="../../../../../entry[27]/Tag/actions/wf.a.ErrorAction/error"/>
        </wf.a.ErrorAction>
      </actions>
    </Tag>
  </entry>
  <entry>
    <string>37</string>
    <Tag plugin="workflow-support@1010.vb_b_39488a_9841">
      <node class="cps.n.StepEndNode" plugin="workflow-cps@4238.va_6fb_65c1f699">
        <parentIds>
          <string>36</string>
        </parentIds>
        <id>37</id>
        <startId>33</startId>
      </node>
      <actions>
        <wf.a.TimingAction plugin="workflow-api@1384.vdc05a_48f535f">
          <startTime>1765764283069</startTime>
        </wf.a.TimingAction>
        <wf.a.ErrorAction plugin="workflow-api@1384.vdc05a_48f535f">
          <error class="hudson.AbortException" reference="../../../../../entry[27]/Tag/actions/wf.a.ErrorAction/error"/>
        </wf.a.ErrorAction>
      </actions>
    </Tag>
  </entry>
  <entry>
    <string>38</string>
    <Tag plugin="workflow-support@1010.vb_b_39488a_9841">
      <node class="cps.n.StepStartNode" plugin="workflow-cps@4238.va_6fb_65c1f699">
        <parentIds>
          <string>37</string>
        </parentIds>
        <id>38</id>
        <descriptorId>org.jenkinsci.plugins.workflow.support.steps.StageStep</descriptorId>
      </node>
      <actions>
        <s.a.LogStorageAction/>
        <cps.a.ArgumentsActionImpl plugin="workflow-cps@4238.va_6fb_65c1f699">
          <arguments>
            <entry>
              <string>name</string>
              <string>Debug workspace paths</string>
            </entry>
          </arguments>
          <sensitiveVariables/>
          <isUnmodifiedBySanitization>true</isUnmodifiedBySanitization>
        </cps.a.ArgumentsActionImpl>
        <wf.a.TimingAction plugin="workflow-api@1384.vdc05a_48f535f">
          <startTime>1765764283077</startTime>
        </wf.a.TimingAction>
      </actions>
    </Tag>
  </entry>
  <entry>
    <string>39</string>
    <Tag plugin="workflow-support@1010.vb_b_39488a_9841">
      <node class="cps.n.StepStartNode" plugin="workflow-cps@4238.va_6fb_65c1f699">
        <parentIds>
          <string>38</string>
        </parentIds>
        <id>39</id>
        <descriptorId>org.jenkinsci.plugins.workflow.support.steps.StageStep</descriptorId>
      </node>
      <actions>
        <wf.a.BodyInvocationAction plugin="workflow-api@1384.vdc05a_48f535f"/>
        <wf.a.LabelAction plugin="workflow-api@1384.vdc05a_48f535f">
          <displayName>Debug workspace paths</displayName>
        </wf.a.LabelAction>
        <wf.a.TimingAction plugin="workflow-api@1384.vdc05a_48f535f">
          <startTime>1765764283078</startTime>
        </wf.a.TimingAction>
        <wf.a.TagsAction plugin="workflow-api@1384.vdc05a_48f535f">
          <tags>
            <entry>
              <string>STAGE_STATUS</string>
              <string>SKIPPED_FOR_FAILURE</string>
            </entry>
          </tags>
        </wf.a.TagsAction>
      </actions>
    </Tag>
  </entry>
  <entry>
    <string>40</string>
    <Tag plugin="workflow-support@1010.vb_b_39488a_9841">
      <node class="cps.n.StepAtomNode" plugin="workflow-cps@4238.va_6fb_65c1f699">
        <parentIds>
          <string>39</string>
        </parentIds>
        <id>40</id>
        <descriptorId>org.jenkinsci.plugins.workflow.steps.GetContextStep</descriptorId>
      </node>
      <actions>
        <cps.a.ArgumentsActionImpl plugin="workflow-cps@4238.va_6fb_65c1f699">
          <arguments>
            <entry>
              <string>type</string>
              <wf.a.ArgumentsAction_-NotStoredReason>UNSERIALIZABLE</wf.a.ArgumentsAction_-NotStoredReason>
            </entry>
          </arguments>
          <sensitiveVariables/>
          <isUnmodifiedBySanitization>false</isUnmodifiedBySanitization>
        </cps.a.ArgumentsActionImpl>
        <wf.a.TimingAction plugin="workflow-api@1384.vdc05a_48f535f">
          <startTime>1765764283085</startTime>
        </wf.a.TimingAction>
        <s.a.LogStorageAction/>
      </actions>
    </Tag>
  </entry>
  <entry>
    <string>41</string>
    <Tag plugin="workflow-support@1010.vb_b_39488a_9841">
      <node class="cps.n.StepEndNode" plugin="workflow-cps@4238.va_6fb_65c1f699">
        <parentIds>
          <string>40</string>
        </parentIds>
        <id>41</id>
        <startId>39</startId>
      </node>
      <actions>
        <wf.a.BodyInvocationAction plugin="workflow-api@1384.vdc05a_48f535f"/>
        <wf.a.TimingAction plugin="workflow-api@1384.vdc05a_48f535f">
          <startTime>1765764283089</startTime>
        </wf.a.TimingAction>
        <wf.a.ErrorAction plugin="workflow-api@1384.vdc05a_48f535f">
          <error class="hudson.AbortException" reference="../../../../../entry[27]/Tag/actions/wf.a.ErrorAction/error"/>
        </wf.a.ErrorAction>
      </actions>
    </Tag>
  </entry>
  <entry>
    <string>42</string>
    <Tag plugin="workflow-support@1010.vb_b_39488a_9841">
      <node class="cps.n.StepEndNode" plugin="workflow-cps@4238.va_6fb_65c1f699">
        <parentIds>
          <string>41</string>
        </parentIds>
        <id>42</id>
        <startId>38</startId>
      </node>
      <actions>
        <wf.a.TimingAction plugin="workflow-api@1384.vdc05a_48f535f">
          <startTime>1765764283099</startTime>
        </wf.a.TimingAction>
        <wf.a.ErrorAction plugin="workflow-api@1384.vdc05a_48f535f">
          <error class="hudson.AbortException" reference="../../../../../entry[27]/Tag/actions/wf.a.ErrorAction/error"/>
        </wf.a.ErrorAction>
      </actions>
    </Tag>
  </entry>
  <entry>
    <string>43</string>
    <Tag plugin="workflow-support@1010.vb_b_39488a_9841">
      <node class="cps.n.StepStartNode" plugin="workflow-cps@4238.va_6fb_65c1f699">
        <parentIds>
          <string>42</string>
        </parentIds>
        <id>43</id>
        <descriptorId>org.jenkinsci.plugins.workflow.support.steps.StageStep</descriptorId>
      </node>
      <actions>
        <s.a.LogStorageAction/>
        <cps.a.ArgumentsActionImpl plugin="workflow-cps@4238.va_6fb_65c1f699">
          <arguments>
            <entry>
              <string>name</string>
              <string>Deploy DAGs to Airflow</string>
            </entry>
          </arguments>
          <sensitiveVariables/>
          <isUnmodifiedBySanitization>true</isUnmodifiedBySanitization>
        </cps.a.ArgumentsActionImpl>
        <wf.a.TimingAction plugin="workflow-api@1384.vdc05a_48f535f">
          <startTime>1765764283108</startTime>
        </wf.a.TimingAction>
      </actions>
    </Tag>
  </entry>
  <entry>
    <string>44</string>
    <Tag plugin="workflow-support@1010.vb_b_39488a_9841">
      <node class="cps.n.StepStartNode" plugin="workflow-cps@4238.va_6fb_65c1f699">
        <parentIds>
          <string>43</string>
        </parentIds>
        <id>44</id>
        <descriptorId>org.jenkinsci.plugins.workflow.support.steps.StageStep</descriptorId>
      </node>
      <actions>
        <wf.a.BodyInvocationAction plugin="workflow-api@1384.vdc05a_48f535f"/>
        <wf.a.LabelAction plugin="workflow-api@1384.vdc05a_48f535f">
          <displayName>Deploy DAGs to Airflow</displayName>
        </wf.a.LabelAction>
        <wf.a.TimingAction plugin="workflow-api@1384.vdc05a_48f535f">
          <startTime>1765764283110</startTime>
        </wf.a.TimingAction>
        <wf.a.TagsAction plugin="workflow-api@1384.vdc05a_48f535f">
          <tags>
            <entry>
              <string>STAGE_STATUS</string>
              <string>SKIPPED_FOR_FAILURE</string>
            </entry>
          </tags>
        </wf.a.TagsAction>
      </actions>
    </Tag>
  </entry>
  <entry>
    <string>45</string>
    <Tag plugin="workflow-support@1010.vb_b_39488a_9841">
      <node class="cps.n.StepAtomNode" plugin="workflow-cps@4238.va_6fb_65c1f699">
        <parentIds>
          <string>44</string>
        </parentIds>
        <id>45</id>
        <descriptorId>org.jenkinsci.plugins.workflow.steps.GetContextStep</descriptorId>
      </node>
      <actions>
        <cps.a.ArgumentsActionImpl plugin="workflow-cps@4238.va_6fb_65c1f699">
          <arguments>
            <entry>
              <string>type</string>
              <wf.a.ArgumentsAction_-NotStoredReason>UNSERIALIZABLE</wf.a.ArgumentsAction_-NotStoredReason>
            </entry>
          </arguments>
          <sensitiveVariables/>
          <isUnmodifiedBySanitization>false</isUnmodifiedBySanitization>
        </cps.a.ArgumentsActionImpl>
        <wf.a.TimingAction plugin="workflow-api@1384.vdc05a_48f535f">
          <startTime>1765764283118</startTime>
        </wf.a.TimingAction>
        <s.a.LogStorageAction/>
      </actions>
    </Tag>
  </entry>
  <entry>
    <string>46</string>
    <Tag plugin="workflow-support@1010.vb_b_39488a_9841">
      <node class="cps.n.StepEndNode" plugin="workflow-cps@4238.va_6fb_65c1f699">
        <parentIds>
          <string>45</string>
        </parentIds>
        <id>46</id>
        <startId>44</startId>
      </node>
      <actions>
        <wf.a.BodyInvocationAction plugin="workflow-api@1384.vdc05a_48f535f"/>
        <wf.a.TimingAction plugin="workflow-api@1384.vdc05a_48f535f">
          <startTime>1765764283121</startTime>
        </wf.a.TimingAction>
        <wf.a.ErrorAction plugin="workflow-api@1384.vdc05a_48f535f">
          <error class="hudson.AbortException" reference="../../../../../entry[27]/Tag/actions/wf.a.ErrorAction/error"/>
        </wf.a.ErrorAction>
      </actions>
    </Tag>
  </entry>
  <entry>
    <string>47</string>
    <Tag plugin="workflow-support@1010.vb_b_39488a_9841">
      <node class="cps.n.StepEndNode" plugin="workflow-cps@4238.va_6fb_65c1f699">
        <parentIds>
          <string>46</string>
        </parentIds>
        <id>47</id>
        <startId>43</startId>
      </node>
      <actions>
        <wf.a.TimingAction plugin="workflow-api@1384.vdc05a_48f535f">
          <startTime>1765764283131</startTime>
        </wf.a.TimingAction>
        <wf.a.ErrorAction plugin="workflow-api@1384.vdc05a_48f535f">
          <error class="hudson.AbortException" reference="../../../../../entry[27]/Tag/actions/wf.a.ErrorAction/error"/>
        </wf.a.ErrorAction>
      </actions>
    </Tag>
  </entry>
  <entry>
    <string>48</string>
    <Tag plugin="workflow-support@1010.vb_b_39488a_9841">
      <node class="cps.n.StepStartNode" plugin="workflow-cps@4238.va_6fb_65c1f699">
        <parentIds>
          <string>47</string>
        </parentIds>
        <id>48</id>
        <descriptorId>org.jenkinsci.plugins.workflow.support.steps.StageStep</descriptorId>
      </node>
      <actions>
        <s.a.LogStorageAction/>
        <cps.a.ArgumentsActionImpl plugin="workflow-cps@4238.va_6fb_65c1f699">
          <arguments>
            <entry>
              <string>name</string>
              <string>Debug: show deployed DAGs (bind mount)</string>
            </entry>
          </arguments>
          <sensitiveVariables/>
          <isUnmodifiedBySanitization>true</isUnmodifiedBySanitization>
        </cps.a.ArgumentsActionImpl>
        <wf.a.TimingAction plugin="workflow-api@1384.vdc05a_48f535f">
          <startTime>1765764283140</startTime>
        </wf.a.TimingAction>
      </actions>
    </Tag>
  </entry>
  <entry>
    <string>49</string>
    <Tag plugin="workflow-support@1010.vb_b_39488a_9841">
      <node class="cps.n.StepStartNode" plugin="workflow-cps@4238.va_6fb_65c1f699">
        <parentIds>
          <string>48</string>
        </parentIds>
        <id>49</id>
        <descriptorId>org.jenkinsci.plugins.workflow.support.steps.StageStep</descriptorId>
      </node>
      <actions>
        <wf.a.BodyInvocationAction plugin="workflow-api@1384.vdc05a_48f535f"/>
        <wf.a.LabelAction plugin="workflow-api@1384.vdc05a_48f535f">
          <displayName>Debug: show deployed DAGs (bind mount)</displayName>
        </wf.a.LabelAction>
        <wf.a.TimingAction plugin="workflow-api@1384.vdc05a_48f535f">
          <startTime>1765764283141</startTime>
        </wf.a.TimingAction>
        <wf.a.TagsAction plugin="workflow-api@1384.vdc05a_48f535f">
          <tags>
            <entry>
              <string>STAGE_STATUS</string>
              <string>SKIPPED_FOR_FAILURE</string>
            </entry>
          </tags>
        </wf.a.TagsAction>
      </actions>
    </Tag>
  </entry>
  <entry>
    <string>50</string>
    <Tag plugin="workflow-support@1010.vb_b_39488a_9841">
      <node class="cps.n.StepAtomNode" plugin="workflow-cps@4238.va_6fb_65c1f699">
        <parentIds>
          <string>49</string>
        </parentIds>
        <id>50</id>
        <descriptorId>org.jenkinsci.plugins.workflow.steps.GetContextStep</descriptorId>
      </node>
      <actions>
        <cps.a.ArgumentsActionImpl plugin="workflow-cps@4238.va_6fb_65c1f699">
          <arguments>
            <entry>
              <string>type</string>
              <wf.a.ArgumentsAction_-NotStoredReason>UNSERIALIZABLE</wf.a.ArgumentsAction_-NotStoredReason>
            </entry>
          </arguments>
          <sensitiveVariables/>
          <isUnmodifiedBySanitization>false</isUnmodifiedBySanitization>
        </cps.a.ArgumentsActionImpl>
        <wf.a.TimingAction plugin="workflow-api@1384.vdc05a_48f535f">
          <startTime>1765764283155</startTime>
        </wf.a.TimingAction>
        <s.a.LogStorageAction/>
      </actions>
    </Tag>
  </entry>
  <entry>
    <string>51</string>
    <Tag plugin="workflow-support@1010.vb_b_39488a_9841">
      <node class="cps.n.StepEndNode" plugin="workflow-cps@4238.va_6fb_65c1f699">
        <parentIds>
          <string>50</string>
        </parentIds>
        <id>51</id>
        <startId>49</startId>
      </node>
      <actions>
        <wf.a.BodyInvocationAction plugin="workflow-api@1384.vdc05a_48f535f"/>
        <wf.a.TimingAction plugin="workflow-api@1384.vdc05a_48f535f">
          <startTime>1765764283159</startTime>
        </wf.a.TimingAction>
        <wf.a.ErrorAction plugin="workflow-api@1384.vdc05a_48f535f">
          <error class="hudson.AbortException" reference="../../../../../entry[27]/Tag/actions/wf.a.ErrorAction/error"/>
        </wf.a.ErrorAction>
      </actions>
    </Tag>
  </entry>
  <entry>
    <string>52</string>
    <Tag plugin="workflow-support@1010.vb_b_39488a_9841">
      <node class="cps.n.StepEndNode" plugin="workflow-cps@4238.va_6fb_65c1f699">
        <parentIds>
          <string>51</string>
        </parentIds>
        <id>52</id>
        <startId>48</startId>
      </node>
      <actions>
        <wf.a.TimingAction plugin="workflow-api@1384.vdc05a_48f535f">
          <startTime>1765764283169</startTime>
        </wf.a.TimingAction>
        <wf.a.ErrorAction plugin="workflow-api@1384.vdc05a_48f535f">
          <error class="hudson.AbortException" reference="../../../../../entry[27]/Tag/actions/wf.a.ErrorAction/error"/>
        </wf.a.ErrorAction>
      </actions>
    </Tag>
  </entry>
  <entry>
    <string>53</string>
    <Tag plugin="workflow-support@1010.vb_b_39488a_9841">
      <node class="cps.n.StepStartNode" plugin="workflow-cps@4238.va_6fb_65c1f699">
        <parentIds>
          <string>52</string>
        </parentIds>
        <id>53</id>
        <descriptorId>org.jenkinsci.plugins.workflow.support.steps.StageStep</descriptorId>
      </node>
      <actions>
        <s.a.LogStorageAction/>
        <cps.a.ArgumentsActionImpl plugin="workflow-cps@4238.va_6fb_65c1f699">
          <arguments>
            <entry>
              <string>name</string>
              <string>Declarative: Post Actions</string>
            </entry>
          </arguments>
          <sensitiveVariables/>
          <isUnmodifiedBySanitization>true</isUnmodifiedBySanitization>
        </cps.a.ArgumentsActionImpl>
        <wf.a.TimingAction plugin="workflow-api@1384.vdc05a_48f535f">
          <startTime>1765764283215</startTime>
        </wf.a.TimingAction>
      </actions>
    </Tag>
  </entry>
  <entry>
    <string>54</string>
    <Tag plugin="workflow-support@1010.vb_b_39488a_9841">
      <node class="cps.n.StepStartNode" plugin="workflow-cps@4238.va_6fb_65c1f699">
        <parentIds>
          <string>53</string>
        </parentIds>
        <id>54</id>
        <descriptorId>org.jenkinsci.plugins.workflow.support.steps.StageStep</descriptorId>
      </node>
      <actions>
        <wf.a.BodyInvocationAction plugin="workflow-api@1384.vdc05a_48f535f"/>
        <wf.a.LabelAction plugin="workflow-api@1384.vdc05a_48f535f">
          <displayName>Declarative: Post Actions</displayName>
        </wf.a.LabelAction>
        <wf.a.TimingAction plugin="workflow-api@1384.vdc05a_48f535f">
          <startTime>1765764283216</startTime>
        </wf.a.TimingAction>
        <wf.a.TagsAction plugin="workflow-api@1384.vdc05a_48f535f">
          <tags>
            <entry>
              <string>SYNTHETIC_STAGE</string>
              <string>POST</string>
            </entry>
          </tags>
        </wf.a.TagsAction>
      </actions>
    </Tag>
  </entry>
  <entry>
    <string>55</string>
    <Tag plugin="workflow-support@1010.vb_b_39488a_9841">
      <node class="cps.n.StepAtomNode" plugin="workflow-cps@4238.va_6fb_65c1f699">
        <parentIds>
          <string>54</string>
        </parentIds>
        <id>55</id>
        <descriptorId>org.jenkinsci.plugins.workflow.steps.EchoStep</descriptorId>
      </node>
      <actions>
        <cps.a.ArgumentsActionImpl plugin="workflow-cps@4238.va_6fb_65c1f699">
          <arguments>
            <entry>
              <string>message</string>
              <string>DAG deployment FAILED for dev from </string>
            </entry>
          </arguments>
          <sensitiveVariables/>
          <isUnmodifiedBySanitization>true</isUnmodifiedBySanitization>
        </cps.a.ArgumentsActionImpl>
        <wf.a.TimingAction plugin="workflow-api@1384.vdc05a_48f535f">
          <startTime>1765764283233</startTime>
        </wf.a.TimingAction>
        <s.a.LogStorageAction/>
      </actions>
    </Tag>
  </entry>
  <entry>
    <string>56</string>
    <Tag plugin="workflow-support@1010.vb_b_39488a_9841">
      <node class="cps.n.StepEndNode" plugin="workflow-cps@4238.va_6fb_65c1f699">
        <parentIds>
          <string>55</string>
        </parentIds>
        <id>56</id>
        <startId>54</startId>
      </node>
      <actions>
        <wf.a.BodyInvocationAction plugin="workflow-api@1384.vdc05a_48f535f"/>
        <wf.a.TimingAction plugin="workflow-api@1384.vdc05a_48f535f">
          <startTime>1765764283239</startTime>
        </wf.a.TimingAction>
      </actions>
    </Tag>
  </entry>
  <entry>
    <string>57</string>
    <Tag plugin="workflow-support@1010.vb_b_39488a_9841">
      <node class="cps.n.StepEndNode" plugin="workflow-cps@4238.va_6fb_65c1f699">
        <parentIds>
          <string>56</string>
        </parentIds>
        <id>57</id>
        <startId>53</startId>
      </node>
      <actions>
        <wf.a.TimingAction plugin="workflow-api@1384.vdc05a_48f535f">
          <startTime>1765764283246</startTime>
        </wf.a.TimingAction>
      </actions>
    </Tag>
  </entry>
  <entry>
    <string>58</string>
    <Tag plugin="workflow-support@1010.vb_b_39488a_9841">
      <node class="cps.n.StepEndNode" plugin="workflow-cps@4238.va_6fb_65c1f699">
        <parentIds>
          <string>57</string>
        </parentIds>
        <id>58</id>
        <startId>13</startId>
      </node>
      <actions>
        <wf.a.BodyInvocationAction plugin="workflow-api@1384.vdc05a_48f535f"/>
        <wf.a.TimingAction plugin="workflow-api@1384.vdc05a_48f535f">
          <startTime>1765764283250</startTime>
        </wf.a.TimingAction>
        <wf.a.ErrorAction plugin="workflow-api@1384.vdc05a_48f535f">
          <error class="hudson.AbortException" reference="../../../../../entry[27]/Tag/actions/wf.a.ErrorAction/error"/>
        </wf.a.ErrorAction>
      </actions>
    </Tag>
  </entry>
  <entry>
    <string>59</string>
    <Tag plugin="workflow-support@1010.vb_b_39488a_9841">
      <node class="cps.n.StepEndNode" plugin="workflow-cps@4238.va_6fb_65c1f699">
        <parentIds>
          <string>58</string>
        </parentIds>
        <id>59</id>
        <startId>12</startId>
      </node>
      <actions>
        <wf.a.TimingAction plugin="workflow-api@1384.vdc05a_48f535f">
          <startTime>1765764283265</startTime>
        </wf.a.TimingAction>
        <wf.a.ErrorAction plugin="workflow-api@1384.vdc05a_48f535f">
          <error class="hudson.AbortException" reference="../../../../../entry[27]/Tag/actions/wf.a.ErrorAction/error"/>
        </wf.a.ErrorAction>
      </actions>
    </Tag>
  </entry>
  <entry>
    <string>60</string>
    <Tag plugin="workflow-support@1010.vb_b_39488a_9841">
      <node class="cps.n.StepEndNode" plugin="workflow-cps@4238.va_6fb_65c1f699">
        <parentIds>
          <string>59</string>
        </parentIds>
        <id>60</id>
        <startId>11</startId>
      </node>
      <actions>
        <wf.a.BodyInvocationAction plugin="workflow-api@1384.vdc05a_48f535f"/>
        <wf.a.TimingAction plugin="workflow-api@1384.vdc05a_48f535f">
          <startTime>1765764283271</startTime>
        </wf.a.TimingAction>
        <wf.a.ErrorAction plugin="workflow-api@1384.vdc05a_48f535f">
          <error class="hudson.AbortException" reference="../../../../../entry[27]/Tag/actions/wf.a.ErrorAction/error"/>
        </wf.a.ErrorAction>
      </actions>
    </Tag>
  </entry>
  <entry>
    <string>61</string>
    <Tag plugin="workflow-support@1010.vb_b_39488a_9841">
      <node class="cps.n.StepEndNode" plugin="workflow-cps@4238.va_6fb_65c1f699">
        <parentIds>
          <string>60</string>
        </parentIds>
        <id>61</id>
        <startId>10</startId>
      </node>
      <actions>
        <wf.a.TimingAction plugin="workflow-api@1384.vdc05a_48f535f">
          <startTime>1765764283279</startTime>
        </wf.a.TimingAction>
        <wf.a.ErrorAction plugin="workflow-api@1384.vdc05a_48f535f">
          <error class="hudson.AbortException" reference="../../../../../entry[27]/Tag/actions/wf.a.ErrorAction/error"/>
        </wf.a.ErrorAction>
      </actions>
    </Tag>
  </entry>
  <entry>
    <string>62</string>
    <Tag plugin="workflow-support@1010.vb_b_39488a_9841">
      <node class="cps.n.StepEndNode" plugin="workflow-cps@4238.va_6fb_65c1f699">
        <parentIds>
          <string>61</string>
        </parentIds>
        <id>62</id>
        <startId>4</startId>
      </node>
      <actions>
        <wf.a.BodyInvocationAction plugin="workflow-api@1384.vdc05a_48f535f"/>
        <wf.a.TimingAction plugin="workflow-api@1384.vdc05a_48f535f">
          <startTime>1765764283285</startTime>
        </wf.a.TimingAction>
        <wf.a.ErrorAction plugin="workflow-api@1384.vdc05a_48f535f">
          <error class="hudson.AbortException" reference="../../../../../entry[27]/Tag/actions/wf.a.ErrorAction/error"/>
        </wf.a.ErrorAction>
      </actions>
    </Tag>
  </entry>
  <entry>
    <string>63</string>
    <Tag plugin="workflow-support@1010.vb_b_39488a_9841">
      <node class="cps.n.StepEndNode" plugin="workflow-cps@4238.va_6fb_65c1f699">
        <parentIds>
          <string>62</string>
        </parentIds>
        <id>63</id>
        <startId>3</startId>
      </node>
      <actions>
        <wf.a.TimingAction plugin="workflow-api@1384.vdc05a_48f535f">
          <startTime>1765764283296</startTime>
        </wf.a.TimingAction>
        <wf.a.ErrorAction plugin="workflow-api@1384.vdc05a_48f535f">
          <error class="hudson.AbortException" reference="../../../../../entry[27]/Tag/actions/wf.a.ErrorAction/error"/>
        </wf.a.ErrorAction>
        <wf.a.ErrorAction plugin="workflow-api@1384.vdc05a_48f535f">
          <error class="hudson.AbortException" reference="../../../../../entry[27]/Tag/actions/wf.a.ErrorAction/error"/>
        </wf.a.ErrorAction>
      </actions>
    </Tag>
  </entry>
  <entry>
    <string>64</string>
    <Tag plugin="workflow-support@1010.vb_b_39488a_9841">
      <node class="org.jenkinsci.plugins.workflow.graph.FlowEndNode" plugin="workflow-api@1384.vdc05a_48f535f">
        <parentIds>
          <string>63</string>
        </parentIds>
        <id>64</id>
        <startId>2</startId>
        <result>
          <name>FAILURE</name>
          <ordinal>2</ordinal>
          <color>RED</color>
          <completeBuild>true</completeBuild>
        </result>
      </node>
      <actions>
        <wf.a.ErrorAction plugin="workflow-api@1384.vdc05a_48f535f">
          <error class="hudson.AbortException" reference="../../../../../entry[27]/Tag/actions/wf.a.ErrorAction/error"/>
        </wf.a.ErrorAction>
        <wf.a.TimingAction plugin="workflow-api@1384.vdc05a_48f535f">
          <startTime>1765764283304</startTime>
        </wf.a.TimingAction>
      </actions>
    </Tag>
  </entry>
</linked-hash-map>