<?xml version="1.1" encoding="UTF-8"?>
<linked-hash-map>
  <entry>
    <string>2</string>
    <Tag plugin="workflow-support@1010.vb_b_39488a_9841">
      <node class="org.jenkinsci.plugins.workflow.graph.FlowStartNode" plugin="workflow-api@1384.vdc05a_48f535f">
        <parentIds/>
        <id>2</id>
      </node>
      <actions>
        <wf.a.TimingAction plugin="workflow-api@1384.vdc05a_48f535f">
          <startTime>1765764546233</startTime>
        </wf.a.TimingAction>
      </actions>
    </Tag>
  </entry>
  <entry>
    <string>3</string>
    <Tag plugin="workflow-support@1010.vb_b_39488a_9841">
      <node class="cps.n.StepStartNode" plugin="workflow-cps@4238.va_6fb_65c1f699">
        <parentIds>
          <string>2</string>
        </parentIds>
        <id>3</id>
        <descriptorId>org.jenkinsci.plugins.workflow.support.steps.ExecutorStep</descriptorId>
      </node>
      <actions>
        <s.a.LogStorageAction/>
        <wf.a.TimingAction plugin="workflow-api@1384.vdc05a_48f535f">
          <startTime>1765764546320</startTime>
        </wf.a.TimingAction>
        <org.jenkinsci.plugins.workflow.support.steps.ExecutorStepExecution_-QueueItemActionImpl plugin="workflow-durable-task-step@1464.v2d3f5c68f84c">
          <id>8</id>
        </org.jenkinsci.plugins.workflow.support.steps.ExecutorStepExecution_-QueueItemActionImpl>
        <s.a.WorkspaceActionImpl>
          <node></node>
          <path>/var/jenkins_home/workspace/PLATFORM_LC/deploy_airflow_dag</path>
          <labels class="sorted-set"/>
        </s.a.WorkspaceActionImpl>
      </actions>
    </Tag>
  </entry>
  <entry>
    <string>4</string>
    <Tag plugin="workflow-support@1010.vb_b_39488a_9841">
      <node class="cps.n.StepStartNode" plugin="workflow-cps@4238.va_6fb_65c1f699">
        <parentIds>
          <string>3</string>
        </parentIds>
        <id>4</id>
        <descriptorId>org.jenkinsci.plugins.workflow.support.steps.ExecutorStep</descriptorId>
      </node>
      <actions>
        <wf.a.BodyInvocationAction plugin="workflow-api@1384.vdc05a_48f535f"/>
        <wf.a.TimingAction plugin="workflow-api@1384.vdc05a_48f535f">
          <startTime>1765764546332</startTime>
        </wf.a.TimingAction>
      </actions>
    </Tag>
  </entry>
  <entry>
    <string>5</string>
    <Tag plugin="workflow-support@1010.vb_b_39488a_9841">
      <node class="cps.n.StepStartNode" plugin="workflow-cps@4238.va_6fb_65c1f699">
        <parentIds>
          <string>4</string>
        </parentIds>
        <id>5</id>
        <descriptorId>org.jenkinsci.plugins.workflow.support.steps.StageStep</descriptorId>
      </node>
      <actions>
        <s.a.LogStorageAction/>
        <cps.a.ArgumentsActionImpl plugin="workflow-cps@4238.va_6fb_65c1f699">
          <arguments>
            <entry>
              <string>name</string>
              <string>Declarative: Checkout SCM</string>
            </entry>
          </arguments>
          <sensitiveVariables/>
          <isUnmodifiedBySanitization>true</isUnmodifiedBySanitization>
        </cps.a.ArgumentsActionImpl>
        <wf.a.TimingAction plugin="workflow-api@1384.vdc05a_48f535f">
          <startTime>1765764546342</startTime>
        </wf.a.TimingAction>
      </actions>
    </Tag>
  </entry>
  <entry>
    <string>6</string>
    <Tag plugin="workflow-support@1010.vb_b_39488a_9841">
      <node class="cps.n.StepStartNode" plugin="workflow-cps@4238.va_6fb_65c1f699">
        <parentIds>
          <string>5</string>
        </parentIds>
        <id>6</id>
        <descriptorId>org.jenkinsci.plugins.workflow.support.steps.StageStep</descriptorId>
      </node>
      <actions>
        <wf.a.BodyInvocationAction plugin="workflow-api@1384.vdc05a_48f535f"/>
        <wf.a.LabelAction plugin="workflow-api@1384.vdc05a_48f535f">
          <displayName>Declarative: Checkout SCM</displayName>
        </wf.a.LabelAction>
        <wf.a.TimingAction plugin="workflow-api@1384.vdc05a_48f535f">
          <startTime>1765764546343</startTime>
        </wf.a.TimingAction>
        <wf.a.TagsAction plugin="workflow-api@1384.vdc05a_48f535f">
          <tags>
            <entry>
              <string>SYNTHETIC_STAGE</string>
              <string>PRE</string>
            </entry>
          </tags>
        </wf.a.TagsAction>
      </actions>
    </Tag>
  </entry>
  <entry>
    <string>7</string>
    <Tag plugin="workflow-support@1010.vb_b_39488a_9841">
      <node class="cps.n.StepAtomNode" plugin="workflow-cps@4238.va_6fb_65c1f699">
        <parentIds>
          <string>6</string>
        </parentIds>
        <id>7</id>
        <descriptorId>org.jenkinsci.plugins.workflow.steps.scm.GenericSCMStep</descriptorId>
      </node>
      <actions>
        <cps.a.ArgumentsActionImpl plugin="workflow-cps@4238.va_6fb_65c1f699">
          <arguments>
            <entry>
              <string>scm</string>
              <org.jenkinsci.plugins.structs.describable.UninstantiatedDescribable plugin="structs@362.va_b_695ef4fdf9">
                <symbol>scmGit</symbol>
                <arguments class="tree-map">
                  <entry>
                    <string>branches</string>
                    <list>
                      <org.jenkinsci.plugins.structs.describable.UninstantiatedDescribable>
                        <arguments class="tree-map">
                          <entry>
                            <string>name</string>
                            <string>*/main</string>
                          </entry>
                        </arguments>
                        <model resolves-to="org.jenkinsci.plugins.structs.describable.DescribableModel$SerializedForm">
                          <type>hudson.plugins.git.BranchSpec</type>
                        </model>
                      </org.jenkinsci.plugins.structs.describable.UninstantiatedDescribable>
                    </list>
                  </entry>
                  <entry>
                    <string>extensions</string>
                    <list/>
                  </entry>
                  <entry>
                    <string>userRemoteConfigs</string>
                    <list>
                      <org.jenkinsci.plugins.structs.describable.UninstantiatedDescribable>
                        <arguments class="tree-map">
                          <entry>
                            <string>credentialsId</string>
                            <string>github_connection</string>
                          </entry>
                          <entry>
                            <string>url</string>
                            <string>https://github.com/saikumarpochireddygari/platform-service.git</string>
                          </entry>
                        </arguments>
                        <model resolves-to="org.jenkinsci.plugins.structs.describable.DescribableModel$SerializedForm">
                          <type>hudson.plugins.git.UserRemoteConfig</type>
                        </model>
                      </org.jenkinsci.plugins.structs.describable.UninstantiatedDescribable>
                    </list>
                  </entry>
                </arguments>
                <model resolves-to="org.jenkinsci.plugins.structs.describable.DescribableModel$SerializedForm">
                  <type>hudson.plugins.git.GitSCM</type>
                </model>
              </org.jenkinsci.plugins.structs.describable.UninstantiatedDescribable>
            </entry>
          </arguments>
          <sensitiveVariables/>
          <isUnmodifiedBySanitization>true</isUnmodifiedBySanitization>
        </cps.a.ArgumentsActionImpl>
        <wf.a.TimingAction plugin="workflow-api@1384.vdc05a_48f535f">
          <startTime>1765764546352</startTime>
        </wf.a.TimingAction>
        <s.a.LogStorageAction/>
      </actions>
    </Tag>
  </entry>
  <entry>
    <string>8</string>
    <Tag plugin="workflow-support@1010.vb_b_39488a_9841">
      <node class="cps.n.StepEndNode" plugin="workflow-cps@4238.va_6fb_65c1f699">
        <parentIds>
          <string>7</string>
        </parentIds>
        <id>8</id>
        <startId>6</startId>
      </node>
      <actions>
        <wf.a.BodyInvocationAction plugin="workflow-api@1384.vdc05a_48f535f"/>
        <wf.a.TimingAction plugin="workflow-api@1384.vdc05a_48f535f">
          <startTime>1765764546506</startTime>
        </wf.a.TimingAction>
      </actions>
    </Tag>
  </entry>
  <entry>
    <string>9</string>
    <Tag plugin="workflow-support@1010.vb_b_39488a_9841">
      <node class="cps.n.StepEndNode" plugin="workflow-cps@4238.va_6fb_65c1f699">
        <parentIds>
          <string>8</string>
        </parentIds>
        <id>9</id>
        <startId>5</startId>
      </node>
      <actions>
        <wf.a.TimingAction plugin="workflow-api@1384.vdc05a_48f535f">
          <startTime>1765764546512</startTime>
        </wf.a.TimingAction>
      </actions>
    </Tag>
  </entry>
  <entry>
    <string>10</string>
    <Tag plugin="workflow-support@1010.vb_b_39488a_9841">
      <node class="cps.n.StepStartNode" plugin="workflow-cps@4238.va_6fb_65c1f699">
        <parentIds>
          <string>9</string>
        </parentIds>
        <id>10</id>
        <descriptorId>org.jenkinsci.plugins.workflow.steps.EnvStep</descriptorId>
      </node>
      <actions>
        <s.a.LogStorageAction/>
        <cps.a.ArgumentsActionImpl plugin="workflow-cps@4238.va_6fb_65c1f699">
          <arguments>
            <entry>
              <string>overrides</string>
              <list>
                <string>GIT_BRANCH=origin/main</string>
                <string>GIT_COMMIT=82b89e7b5acc8604017875f05855156f9aef44e7</string>
                <string>GIT_PREVIOUS_COMMIT=82b89e7b5acc8604017875f05855156f9aef44e7</string>
                <string>GIT_URL=https://github.com/saikumarpochireddygari/platform-service.git</string>
              </list>
            </entry>
          </arguments>
          <sensitiveVariables/>
          <isUnmodifiedBySanitization>true</isUnmodifiedBySanitization>
        </cps.a.ArgumentsActionImpl>
        <wf.a.TimingAction plugin="workflow-api@1384.vdc05a_48f535f">
          <startTime>1765764546519</startTime>
        </wf.a.TimingAction>
      </actions>
    </Tag>
  </entry>
  <entry>
    <string>11</string>
    <Tag plugin="workflow-support@1010.vb_b_39488a_9841">
      <node class="cps.n.StepStartNode" plugin="workflow-cps@4238.va_6fb_65c1f699">
        <parentIds>
          <string>10</string>
        </parentIds>
        <id>11</id>
        <descriptorId>org.jenkinsci.plugins.workflow.steps.EnvStep</descriptorId>
      </node>
      <actions>
        <wf.a.BodyInvocationAction plugin="workflow-api@1384.vdc05a_48f535f"/>
        <wf.a.TimingAction plugin="workflow-api@1384.vdc05a_48f535f">
          <startTime>1765764546520</startTime>
        </wf.a.TimingAction>
      </actions>
    </Tag>
  </entry>
  <entry>
    <string>12</string>
    <Tag plugin="workflow-support@1010.vb_b_39488a_9841">
      <node class="cps.n.StepStartNode" plugin="workflow-cps@4238.va_6fb_65c1f699">
        <parentIds>
          <string>11</string>
        </parentIds>
        <id>12</id>
        <descriptorId>org.jenkinsci.plugins.workflow.steps.EnvStep</descriptorId>
      </node>
      <actions>
        <s.a.LogStorageAction/>
        <cps.a.ArgumentsActionImpl plugin="workflow-cps@4238.va_6fb_65c1f699">
          <arguments>
            <entry>
              <string>overrides</string>
              <list>
                <string>SHARED_DAG_DIR=/workspace/airflow/dags</string>
                <string>SPOKE_DIR=spoke_repo</string>
              </list>
            </entry>
          </arguments>
          <sensitiveVariables/>
          <isUnmodifiedBySanitization>true</isUnmodifiedBySanitization>
        </cps.a.ArgumentsActionImpl>
        <wf.a.TimingAction plugin="workflow-api@1384.vdc05a_48f535f">
          <startTime>1765764546529</startTime>
        </wf.a.TimingAction>
      </actions>
    </Tag>
  </entry>
  <entry>
    <string>13</string>
    <Tag plugin="workflow-support@1010.vb_b_39488a_9841">
      <node class="cps.n.StepStartNode" plugin="workflow-cps@4238.va_6fb_65c1f699">
        <parentIds>
          <string>12</string>
        </parentIds>
        <id>13</id>
        <descriptorId>org.jenkinsci.plugins.workflow.steps.EnvStep</descriptorId>
      </node>
      <actions>
        <wf.a.BodyInvocationAction plugin="workflow-api@1384.vdc05a_48f535f"/>
        <wf.a.TimingAction plugin="workflow-api@1384.vdc05a_48f535f">
          <startTime>1765764546530</startTime>
        </wf.a.TimingAction>
      </actions>
    </Tag>
  </entry>
  <entry>
    <string>14</string>
    <Tag plugin="workflow-support@1010.vb_b_39488a_9841">
      <node class="cps.n.StepStartNode" plugin="workflow-cps@4238.va_6fb_65c1f699">
        <parentIds>
          <string>13</string>
        </parentIds>
        <id>14</id>
        <descriptorId>org.jenkinsci.plugins.workflow.support.steps.StageStep</descriptorId>
      </node>
      <actions>
        <s.a.LogStorageAction/>
        <cps.a.ArgumentsActionImpl plugin="workflow-cps@4238.va_6fb_65c1f699">
          <arguments>
            <entry>
              <string>name</string>
              <string>Checkout Platform Repo</string>
            </entry>
          </arguments>
          <sensitiveVariables/>
          <isUnmodifiedBySanitization>true</isUnmodifiedBySanitization>
        </cps.a.ArgumentsActionImpl>
        <wf.a.TimingAction plugin="workflow-api@1384.vdc05a_48f535f">
          <startTime>1765764546540</startTime>
        </wf.a.TimingAction>
      </actions>
    </Tag>
  </entry>
  <entry>
    <string>15</string>
    <Tag plugin="workflow-support@1010.vb_b_39488a_9841">
      <node class="cps.n.StepStartNode" plugin="workflow-cps@4238.va_6fb_65c1f699">
        <parentIds>
          <string>14</string>
        </parentIds>
        <id>15</id>
        <descriptorId>org.jenkinsci.plugins.workflow.support.steps.StageStep</descriptorId>
      </node>
      <actions>
        <wf.a.BodyInvocationAction plugin="workflow-api@1384.vdc05a_48f535f"/>
        <wf.a.LabelAction plugin="workflow-api@1384.vdc05a_48f535f">
          <displayName>Checkout Platform Repo</displayName>
        </wf.a.LabelAction>
        <wf.a.TimingAction plugin="workflow-api@1384.vdc05a_48f535f">
          <startTime>1765764546541</startTime>
        </wf.a.TimingAction>
      </actions>
    </Tag>
  </entry>
  <entry>
    <string>16</string>
    <Tag plugin="workflow-support@1010.vb_b_39488a_9841">
      <node class="cps.n.StepAtomNode" plugin="workflow-cps@4238.va_6fb_65c1f699">
        <parentIds>
          <string>15</string>
        </parentIds>
        <id>16</id>
        <descriptorId>org.jenkinsci.plugins.workflow.steps.scm.GenericSCMStep</descriptorId>
      </node>
      <actions>
        <cps.a.ArgumentsActionImpl plugin="workflow-cps@4238.va_6fb_65c1f699">
          <arguments>
            <entry>
              <string>scm</string>
              <org.jenkinsci.plugins.structs.describable.UninstantiatedDescribable plugin="structs@362.va_b_695ef4fdf9">
                <symbol>scmGit</symbol>
                <arguments class="tree-map">
                  <entry>
                    <string>branches</string>
                    <list>
                      <org.jenkinsci.plugins.structs.describable.UninstantiatedDescribable>
                        <arguments class="tree-map">
                          <entry>
                            <string>name</string>
                            <string>*/main</string>
                          </entry>
                        </arguments>
                        <model resolves-to="org.jenkinsci.plugins.structs.describable.DescribableModel$SerializedForm">
                          <type>hudson.plugins.git.BranchSpec</type>
                        </model>
                      </org.jenkinsci.plugins.structs.describable.UninstantiatedDescribable>
                    </list>
                  </entry>
                  <entry>
                    <string>extensions</string>
                    <list/>
                  </entry>
                  <entry>
                    <string>userRemoteConfigs</string>
                    <list>
                      <org.jenkinsci.plugins.structs.describable.UninstantiatedDescribable>
                        <arguments class="tree-map">
                          <entry>
                            <string>credentialsId</string>
                            <string>github_connection</string>
                          </entry>
                          <entry>
                            <string>url</string>
                            <string>https://github.com/saikumarpochireddygari/platform-service.git</string>
                          </entry>
                        </arguments>
                        <model resolves-to="org.jenkinsci.plugins.structs.describable.DescribableModel$SerializedForm">
                          <type>hudson.plugins.git.UserRemoteConfig</type>
                        </model>
                      </org.jenkinsci.plugins.structs.describable.UninstantiatedDescribable>
                    </list>
                  </entry>
                </arguments>
                <model reference="../../../../../../../../entry[6]/Tag/actions/cps.a.ArgumentsActionImpl/arguments/entry/org.jenkinsci.plugins.structs.describable.UninstantiatedDescribable/model"/>
              </org.jenkinsci.plugins.structs.describable.UninstantiatedDescribable>
            </entry>
          </arguments>
          <sensitiveVariables/>
          <isUnmodifiedBySanitization>true</isUnmodifiedBySanitization>
        </cps.a.ArgumentsActionImpl>
        <wf.a.TimingAction plugin="workflow-api@1384.vdc05a_48f535f">
          <startTime>1765764546557</startTime>
        </wf.a.TimingAction>
        <s.a.LogStorageAction/>
      </actions>
    </Tag>
  </entry>
  <entry>
    <string>17</string>
    <Tag plugin="workflow-support@1010.vb_b_39488a_9841">
      <node class="cps.n.StepEndNode" plugin="workflow-cps@4238.va_6fb_65c1f699">
        <parentIds>
          <string>16</string>
        </parentIds>
        <id>17</id>
        <startId>15</startId>
      </node>
      <actions>
        <wf.a.BodyInvocationAction plugin="workflow-api@1384.vdc05a_48f535f"/>
        <wf.a.TimingAction plugin="workflow-api@1384.vdc05a_48f535f">
          <startTime>1765764546716</startTime>
        </wf.a.TimingAction>
      </actions>
    </Tag>
  </entry>
  <entry>
    <string>18</string>
    <Tag plugin="workflow-support@1010.vb_b_39488a_9841">
      <node class="cps.n.StepEndNode" plugin="workflow-cps@4238.va_6fb_65c1f699">
        <parentIds>
          <string>17</string>
        </parentIds>
        <id>18</id>
        <startId>14</startId>
      </node>
      <actions>
        <wf.a.TimingAction plugin="workflow-api@1384.vdc05a_48f535f">
          <startTime>1765764546725</startTime>
        </wf.a.TimingAction>
      </actions>
    </Tag>
  </entry>
  <entry>
    <string>19</string>
    <Tag plugin="workflow-support@1010.vb_b_39488a_9841">
      <node class="cps.n.StepStartNode" plugin="workflow-cps@4238.va_6fb_65c1f699">
        <parentIds>
          <string>18</string>
        </parentIds>
        <id>19</id>
        <descriptorId>org.jenkinsci.plugins.workflow.support.steps.StageStep</descriptorId>
      </node>
      <actions>
        <s.a.LogStorageAction/>
        <cps.a.ArgumentsActionImpl plugin="workflow-cps@4238.va_6fb_65c1f699">
          <arguments>
            <entry>
              <string>name</string>
              <string>Auth: AD Groups via Python</string>
            </entry>
          </arguments>
          <sensitiveVariables/>
          <isUnmodifiedBySanitization>true</isUnmodifiedBySanitization>
        </cps.a.ArgumentsActionImpl>
        <wf.a.TimingAction plugin="workflow-api@1384.vdc05a_48f535f">
          <startTime>1765764546731</startTime>
        </wf.a.TimingAction>
      </actions>
    </Tag>
  </entry>
  <entry>
    <string>20</string>
    <Tag plugin="workflow-support@1010.vb_b_39488a_9841">
      <node class="cps.n.StepStartNode" plugin="workflow-cps@4238.va_6fb_65c1f699">
        <parentIds>
          <string>19</string>
        </parentIds>
        <id>20</id>
        <descriptorId>org.jenkinsci.plugins.workflow.support.steps.StageStep</descriptorId>
      </node>
      <actions>
        <wf.a.BodyInvocationAction plugin="workflow-api@1384.vdc05a_48f535f"/>
        <wf.a.LabelAction plugin="workflow-api@1384.vdc05a_48f535f">
          <displayName>Auth: AD Groups via Python</displayName>
        </wf.a.LabelAction>
        <wf.a.TimingAction plugin="workflow-api@1384.vdc05a_48f535f">
          <startTime>1765764546733</startTime>
        </wf.a.TimingAction>
      </actions>
    </Tag>
  </entry>
  <entry>
    <string>21</string>
    <Tag plugin="workflow-support@1010.vb_b_39488a_9841">
      <node class="cps.n.StepAtomNode" plugin="workflow-cps@4238.va_6fb_65c1f699">
        <parentIds>
          <string>20</string>
        </parentIds>
        <id>21</id>
        <descriptorId>org.jenkinsci.plugins.workflow.steps.durable_task.ShellStep</descriptorId>
      </node>
      <actions>
        <cps.a.ArgumentsActionImpl plugin="workflow-cps@4238.va_6fb_65c1f699">
          <arguments>
            <entry>
              <string>script</string>
              <string>
          echo &quot;Running authz.py for user=alice, env=dev&quot;
          python3 scripts/authz.py \
            --env dev \
            --user alice \
            --action deploy_dag \
            --base-dir .
        </string>
            </entry>
          </arguments>
          <sensitiveVariables/>
          <isUnmodifiedBySanitization>true</isUnmodifiedBySanitization>
        </cps.a.ArgumentsActionImpl>
        <wf.a.TimingAction plugin="workflow-api@1384.vdc05a_48f535f">
          <startTime>1765764546742</startTime>
        </wf.a.TimingAction>
        <s.a.LogStorageAction/>
      </actions>
    </Tag>
  </entry>
  <entry>
    <string>22</string>
    <Tag plugin="workflow-support@1010.vb_b_39488a_9841">
      <node class="cps.n.StepEndNode" plugin="workflow-cps@4238.va_6fb_65c1f699">
        <parentIds>
          <string>21</string>
        </parentIds>
        <id>22</id>
        <startId>20</startId>
      </node>
      <actions>
        <wf.a.BodyInvocationAction plugin="workflow-api@1384.vdc05a_48f535f"/>
        <wf.a.TimingAction plugin="workflow-api@1384.vdc05a_48f535f">
          <startTime>1765764547010</startTime>
        </wf.a.TimingAction>
      </actions>
    </Tag>
  </entry>
  <entry>
    <string>23</string>
    <Tag plugin="workflow-support@1010.vb_b_39488a_9841">
      <node class="cps.n.StepEndNode" plugin="workflow-cps@4238.va_6fb_65c1f699">
        <parentIds>
          <string>22</string>
        </parentIds>
        <id>23</id>
        <startId>19</startId>
      </node>
      <actions>
        <wf.a.TimingAction plugin="workflow-api@1384.vdc05a_48f535f">
          <startTime>1765764547022</startTime>
        </wf.a.TimingAction>
      </actions>
    </Tag>
  </entry>
  <entry>
    <string>24</string>
    <Tag plugin="workflow-support@1010.vb_b_39488a_9841">
      <node class="cps.n.StepStartNode" plugin="workflow-cps@4238.va_6fb_65c1f699">
        <parentIds>
          <string>23</string>
        </parentIds>
        <id>24</id>
        <descriptorId>org.jenkinsci.plugins.workflow.support.steps.StageStep</descriptorId>
      </node>
      <actions>
        <s.a.LogStorageAction/>
        <cps.a.ArgumentsActionImpl plugin="workflow-cps@4238.va_6fb_65c1f699">
          <arguments>
            <entry>
              <string>name</string>
              <string>Checkout Spoke Repo</string>
            </entry>
          </arguments>
          <sensitiveVariables/>
          <isUnmodifiedBySanitization>true</isUnmodifiedBySanitization>
        </cps.a.ArgumentsActionImpl>
        <wf.a.TimingAction plugin="workflow-api@1384.vdc05a_48f535f">
          <startTime>1765764547030</startTime>
        </wf.a.TimingAction>
      </actions>
    </Tag>
  </entry>
  <entry>
    <string>25</string>
    <Tag plugin="workflow-support@1010.vb_b_39488a_9841">
      <node class="cps.n.StepStartNode" plugin="workflow-cps@4238.va_6fb_65c1f699">
        <parentIds>
          <string>24</string>
        </parentIds>
        <id>25</id>
        <descriptorId>org.jenkinsci.plugins.workflow.support.steps.StageStep</descriptorId>
      </node>
      <actions>
        <wf.a.BodyInvocationAction plugin="workflow-api@1384.vdc05a_48f535f"/>
        <wf.a.LabelAction plugin="workflow-api@1384.vdc05a_48f535f">
          <displayName>Checkout Spoke Repo</displayName>
        </wf.a.LabelAction>
        <wf.a.TimingAction plugin="workflow-api@1384.vdc05a_48f535f">
          <startTime>1765764547032</startTime>
        </wf.a.TimingAction>
      </actions>
    </Tag>
  </entry>
  <entry>
    <string>26</string>
    <Tag plugin="workflow-support@1010.vb_b_39488a_9841">
      <node class="cps.n.StepStartNode" plugin="workflow-cps@4238.va_6fb_65c1f699">
        <parentIds>
          <string>25</string>
        </parentIds>
        <id>26</id>
        <descriptorId>org.jenkinsci.plugins.pipeline.modeldefinition.steps.ScriptStep</descriptorId>
      </node>
      <actions>
        <s.a.LogStorageAction/>
        <wf.a.TimingAction plugin="workflow-api@1384.vdc05a_48f535f">
          <startTime>1765764547043</startTime>
        </wf.a.TimingAction>
      </actions>
    </Tag>
  </entry>
  <entry>
    <string>27</string>
    <Tag plugin="workflow-support@1010.vb_b_39488a_9841">
      <node class="cps.n.StepStartNode" plugin="workflow-cps@4238.va_6fb_65c1f699">
        <parentIds>
          <string>26</string>
        </parentIds>
        <id>27</id>
        <descriptorId>org.jenkinsci.plugins.pipeline.modeldefinition.steps.ScriptStep</descriptorId>
      </node>
      <actions>
        <wf.a.BodyInvocationAction plugin="workflow-api@1384.vdc05a_48f535f"/>
        <wf.a.TimingAction plugin="workflow-api@1384.vdc05a_48f535f">
          <startTime>1765764547047</startTime>
        </wf.a.TimingAction>
      </actions>
    </Tag>
  </entry>
  <entry>
    <string>28</string>
    <Tag plugin="workflow-support@1010.vb_b_39488a_9841">
      <node class="cps.n.StepEndNode" plugin="workflow-cps@4238.va_6fb_65c1f699">
        <parentIds>
          <string>27</string>
        </parentIds>
        <id>28</id>
        <startId>27</startId>
      </node>
      <actions>
        <wf.a.BodyInvocationAction plugin="workflow-api@1384.vdc05a_48f535f"/>
        <wf.a.TimingAction plugin="workflow-api@1384.vdc05a_48f535f">
          <startTime>1765764547054</startTime>
        </wf.a.TimingAction>
      </actions>
    </Tag>
  </entry>
  <entry>
    <string>29</string>
    <Tag plugin="workflow-support@1010.vb_b_39488a_9841">
      <node class="cps.n.StepEndNode" plugin="workflow-cps@4238.va_6fb_65c1f699">
        <parentIds>
          <string>28</string>
        </parentIds>
        <id>29</id>
        <startId>26</startId>
      </node>
      <actions>
        <wf.a.TimingAction plugin="workflow-api@1384.vdc05a_48f535f">
          <startTime>1765764547060</startTime>
        </wf.a.TimingAction>
      </actions>
    </Tag>
  </entry>
  <entry>
    <string>30</string>
    <Tag plugin="workflow-support@1010.vb_b_39488a_9841">
      <node class="cps.n.StepAtomNode" plugin="workflow-cps@4238.va_6fb_65c1f699">
        <parentIds>
          <string>29</string>
        </parentIds>
        <id>30</id>
        <descriptorId>org.jenkinsci.plugins.workflow.steps.durable_task.ShellStep</descriptorId>
      </node>
      <actions>
        <cps.a.ArgumentsActionImpl plugin="workflow-cps@4238.va_6fb_65c1f699">
          <arguments>
            <entry>
              <string>script</string>
              <string>
          echo &quot;Cloning spoke repo https://github.com/saikumarpochireddygari/spoke-repo.git (branch main)&quot;
          rm -rf spoke_repo
          git clone --branch main https://github.com/saikumarpochireddygari/spoke-repo.git spoke_repo
        </string>
            </entry>
          </arguments>
          <sensitiveVariables/>
          <isUnmodifiedBySanitization>true</isUnmodifiedBySanitization>
        </cps.a.ArgumentsActionImpl>
        <wf.a.TimingAction plugin="workflow-api@1384.vdc05a_48f535f">
          <startTime>1765764547068</startTime>
        </wf.a.TimingAction>
        <s.a.LogStorageAction/>
      </actions>
    </Tag>
  </entry>
  <entry>
    <string>31</string>
    <Tag plugin="workflow-support@1010.vb_b_39488a_9841">
      <node class="cps.n.StepEndNode" plugin="workflow-cps@4238.va_6fb_65c1f699">
        <parentIds>
          <string>30</string>
        </parentIds>
        <id>31</id>
        <startId>25</startId>
      </node>
      <actions>
        <wf.a.BodyInvocationAction plugin="workflow-api@1384.vdc05a_48f535f"/>
        <wf.a.TimingAction plugin="workflow-api@1384.vdc05a_48f535f">
          <startTime>1765764547329</startTime>
        </wf.a.TimingAction>
      </actions>
    </Tag>
  </entry>
  <entry>
    <string>32</string>
    <Tag plugin="workflow-support@1010.vb_b_39488a_9841">
      <node class="cps.n.StepEndNode" plugin="workflow-cps@4238.va_6fb_65c1f699">
        <parentIds>
          <string>31</string>
        </parentIds>
        <id>32</id>
        <startId>24</startId>
      </node>
      <actions>
        <wf.a.TimingAction plugin="workflow-api@1384.vdc05a_48f535f">
          <startTime>1765764547336</startTime>
        </wf.a.TimingAction>
      </actions>
    </Tag>
  </entry>
  <entry>
    <string>33</string>
    <Tag plugin="workflow-support@1010.vb_b_39488a_9841">
      <node class="cps.n.StepStartNode" plugin="workflow-cps@4238.va_6fb_65c1f699">
        <parentIds>
          <string>32</string>
        </parentIds>
        <id>33</id>
        <descriptorId>org.jenkinsci.plugins.workflow.support.steps.StageStep</descriptorId>
      </node>
      <actions>
        <s.a.LogStorageAction/>
        <cps.a.ArgumentsActionImpl plugin="workflow-cps@4238.va_6fb_65c1f699">
          <arguments>
            <entry>
              <string>name</string>
              <string>Validate project.json &amp; DAG structure</string>
            </entry>
          </arguments>
          <sensitiveVariables/>
          <isUnmodifiedBySanitization>true</isUnmodifiedBySanitization>
        </cps.a.ArgumentsActionImpl>
        <wf.a.TimingAction plugin="workflow-api@1384.vdc05a_48f535f">
          <startTime>1765764547341</startTime>
        </wf.a.TimingAction>
      </actions>
    </Tag>
  </entry>
  <entry>
    <string>34</string>
    <Tag plugin="workflow-support@1010.vb_b_39488a_9841">
      <node class="cps.n.StepStartNode" plugin="workflow-cps@4238.va_6fb_65c1f699">
        <parentIds>
          <string>33</string>
        </parentIds>
        <id>34</id>
        <descriptorId>org.jenkinsci.plugins.workflow.support.steps.StageStep</descriptorId>
      </node>
      <actions>
        <wf.a.BodyInvocationAction plugin="workflow-api@1384.vdc05a_48f535f"/>
        <wf.a.LabelAction plugin="workflow-api@1384.vdc05a_48f535f">
          <displayName>Validate project.json &amp; DAG structure</displayName>
        </wf.a.LabelAction>
        <wf.a.TimingAction plugin="workflow-api@1384.vdc05a_48f535f">
          <startTime>1765764547342</startTime>
        </wf.a.TimingAction>
      </actions>
    </Tag>
  </entry>
  <entry>
    <string>35</string>
    <Tag plugin="workflow-support@1010.vb_b_39488a_9841">
      <node class="cps.n.StepAtomNode" plugin="workflow-cps@4238.va_6fb_65c1f699">
        <parentIds>
          <string>34</string>
        </parentIds>
        <id>35</id>
        <descriptorId>org.jenkinsci.plugins.workflow.steps.durable_task.ShellStep</descriptorId>
      </node>
      <actions>
        <cps.a.ArgumentsActionImpl plugin="workflow-cps@4238.va_6fb_65c1f699">
          <arguments>
            <entry>
              <string>script</string>
              <string>
          echo &quot;Validating project.json and DAG layout for env dev&quot;
          python3 scripts/validate_project.py --env dev --spoke-dir spoke_repo
        </string>
            </entry>
          </arguments>
          <sensitiveVariables/>
          <isUnmodifiedBySanitization>true</isUnmodifiedBySanitization>
        </cps.a.ArgumentsActionImpl>
        <wf.a.TimingAction plugin="workflow-api@1384.vdc05a_48f535f">
          <startTime>1765764547353</startTime>
        </wf.a.TimingAction>
        <s.a.LogStorageAction/>
      </actions>
    </Tag>
  </entry>
  <entry>
    <string>36</string>
    <Tag plugin="workflow-support@1010.vb_b_39488a_9841">
      <node class="cps.n.StepEndNode" plugin="workflow-cps@4238.va_6fb_65c1f699">
        <parentIds>
          <string>35</string>
        </parentIds>
        <id>36</id>
        <startId>34</startId>
      </node>
      <actions>
        <wf.a.BodyInvocationAction plugin="workflow-api@1384.vdc05a_48f535f"/>
        <wf.a.TimingAction plugin="workflow-api@1384.vdc05a_48f535f">
          <startTime>1765764547630</startTime>
        </wf.a.TimingAction>
      </actions>
    </Tag>
  </entry>
  <entry>
    <string>37</string>
    <Tag plugin="workflow-support@1010.vb_b_39488a_9841">
      <node class="cps.n.StepEndNode" plugin="workflow-cps@4238.va_6fb_65c1f699">
        <parentIds>
          <string>36</string>
        </parentIds>
        <id>37</id>
        <startId>33</startId>
      </node>
      <actions>
        <wf.a.TimingAction plugin="workflow-api@1384.vdc05a_48f535f">
          <startTime>1765764547641</startTime>
        </wf.a.TimingAction>
      </actions>
    </Tag>
  </entry>
  <entry>
    <string>38</string>
    <Tag plugin="workflow-support@1010.vb_b_39488a_9841">
      <node class="cps.n.StepStartNode" plugin="workflow-cps@4238.va_6fb_65c1f699">
        <parentIds>
          <string>37</string>
        </parentIds>
        <id>38</id>
        <descriptorId>org.jenkinsci.plugins.workflow.support.steps.StageStep</descriptorId>
      </node>
      <actions>
        <s.a.LogStorageAction/>
        <cps.a.ArgumentsActionImpl plugin="workflow-cps@4238.va_6fb_65c1f699">
          <arguments>
            <entry>
              <string>name</string>
              <string>Debug workspace paths</string>
            </entry>
          </arguments>
          <sensitiveVariables/>
          <isUnmodifiedBySanitization>true</isUnmodifiedBySanitization>
        </cps.a.ArgumentsActionImpl>
        <wf.a.TimingAction plugin="workflow-api@1384.vdc05a_48f535f">
          <startTime>1765764547646</startTime>
        </wf.a.TimingAction>
      </actions>
    </Tag>
  </entry>
  <entry>
    <string>39</string>
    <Tag plugin="workflow-support@1010.vb_b_39488a_9841">
      <node class="cps.n.StepStartNode" plugin="workflow-cps@4238.va_6fb_65c1f699">
        <parentIds>
          <string>38</string>
        </parentIds>
        <id>39</id>
        <descriptorId>org.jenkinsci.plugins.workflow.support.steps.StageStep</descriptorId>
      </node>
      <actions>
        <wf.a.BodyInvocationAction plugin="workflow-api@1384.vdc05a_48f535f"/>
        <wf.a.LabelAction plugin="workflow-api@1384.vdc05a_48f535f">
          <displayName>Debug workspace paths</displayName>
        </wf.a.LabelAction>
        <wf.a.TimingAction plugin="workflow-api@1384.vdc05a_48f535f">
          <startTime>1765764547648</startTime>
        </wf.a.TimingAction>
      </actions>
    </Tag>
  </entry>
  <entry>
    <string>40</string>
    <Tag plugin="workflow-support@1010.vb_b_39488a_9841">
      <node class="cps.n.StepAtomNode" plugin="workflow-cps@4238.va_6fb_65c1f699">
        <parentIds>
          <string>39</string>
        </parentIds>
        <id>40</id>
        <descriptorId>org.jenkinsci.plugins.workflow.steps.durable_task.ShellStep</descriptorId>
      </node>
      <actions>
        <cps.a.ArgumentsActionImpl plugin="workflow-cps@4238.va_6fb_65c1f699">
          <arguments>
            <entry>
              <string>script</string>
              <string>
      set -eux
      echo &quot;WORKSPACE=/var/jenkins_home/workspace/PLATFORM_LC/deploy_airflow_dag&quot;
      pwd
      echo &quot;Listing repo airflow folder:&quot;
      ls -la &quot;/var/jenkins_home/workspace/PLATFORM_LC/deploy_airflow_dag/airflow&quot; || true
      ls -la &quot;/var/jenkins_home/workspace/PLATFORM_LC/deploy_airflow_dag/airflow/dags&quot; || true
    </string>
            </entry>
          </arguments>
          <sensitiveVariables/>
          <isUnmodifiedBySanitization>true</isUnmodifiedBySanitization>
        </cps.a.ArgumentsActionImpl>
        <wf.a.TimingAction plugin="workflow-api@1384.vdc05a_48f535f">
          <startTime>1765764547659</startTime>
        </wf.a.TimingAction>
        <s.a.LogStorageAction/>
      </actions>
    </Tag>
  </entry>
  <entry>
    <string>41</string>
    <Tag plugin="workflow-support@1010.vb_b_39488a_9841">
      <node class="cps.n.StepEndNode" plugin="workflow-cps@4238.va_6fb_65c1f699">
        <parentIds>
          <string>40</string>
        </parentIds>
        <id>41</id>
        <startId>39</startId>
      </node>
      <actions>
        <wf.a.BodyInvocationAction plugin="workflow-api@1384.vdc05a_48f535f"/>
        <wf.a.TimingAction plugin="workflow-api@1384.vdc05a_48f535f">
          <startTime>1765764547936</startTime>
        </wf.a.TimingAction>
      </actions>
    </Tag>
  </entry>
  <entry>
    <string>42</string>
    <Tag plugin="workflow-support@1010.vb_b_39488a_9841">
      <node class="cps.n.StepEndNode" plugin="workflow-cps@4238.va_6fb_65c1f699">
        <parentIds>
          <string>41</string>
        </parentIds>
        <id>42</id>
        <startId>38</startId>
      </node>
      <actions>
        <wf.a.TimingAction plugin="workflow-api@1384.vdc05a_48f535f">
          <startTime>1765764547953</startTime>
        </wf.a.TimingAction>
      </actions>
    </Tag>
  </entry>
  <entry>
    <string>43</string>
    <Tag plugin="workflow-support@1010.vb_b_39488a_9841">
      <node class="cps.n.StepStartNode" plugin="workflow-cps@4238.va_6fb_65c1f699">
        <parentIds>
          <string>42</string>
        </parentIds>
        <id>43</id>
        <descriptorId>org.jenkinsci.plugins.workflow.support.steps.StageStep</descriptorId>
      </node>
      <actions>
        <s.a.LogStorageAction/>
        <cps.a.ArgumentsActionImpl plugin="workflow-cps@4238.va_6fb_65c1f699">
          <arguments>
            <entry>
              <string>name</string>
              <string>Deploy DAGs to Airflow</string>
            </entry>
          </arguments>
          <sensitiveVariables/>
          <isUnmodifiedBySanitization>true</isUnmodifiedBySanitization>
        </cps.a.ArgumentsActionImpl>
        <wf.a.TimingAction plugin="workflow-api@1384.vdc05a_48f535f">
          <startTime>1765764547965</startTime>
        </wf.a.TimingAction>
      </actions>
    </Tag>
  </entry>
  <entry>
    <string>44</string>
    <Tag plugin="workflow-support@1010.vb_b_39488a_9841">
      <node class="cps.n.StepStartNode" plugin="workflow-cps@4238.va_6fb_65c1f699">
        <parentIds>
          <string>43</string>
        </parentIds>
        <id>44</id>
        <descriptorId>org.jenkinsci.plugins.workflow.support.steps.StageStep</descriptorId>
      </node>
      <actions>
        <wf.a.BodyInvocationAction plugin="workflow-api@1384.vdc05a_48f535f"/>
        <wf.a.LabelAction plugin="workflow-api@1384.vdc05a_48f535f">
          <displayName>Deploy DAGs to Airflow</displayName>
        </wf.a.LabelAction>
        <wf.a.TimingAction plugin="workflow-api@1384.vdc05a_48f535f">
          <startTime>1765764547967</startTime>
        </wf.a.TimingAction>
      </actions>
    </Tag>
  </entry>
  <entry>
    <string>45</string>
    <Tag plugin="workflow-support@1010.vb_b_39488a_9841">
      <node class="cps.n.StepStartNode" plugin="workflow-cps@4238.va_6fb_65c1f699">
        <parentIds>
          <string>44</string>
        </parentIds>
        <id>45</id>
        <descriptorId>org.jenkinsci.plugins.pipeline.modeldefinition.steps.ScriptStep</descriptorId>
      </node>
      <actions>
        <s.a.LogStorageAction/>
        <wf.a.TimingAction plugin="workflow-api@1384.vdc05a_48f535f">
          <startTime>1765764547978</startTime>
        </wf.a.TimingAction>
      </actions>
    </Tag>
  </entry>
  <entry>
    <string>46</string>
    <Tag plugin="workflow-support@1010.vb_b_39488a_9841">
      <node class="cps.n.StepStartNode" plugin="workflow-cps@4238.va_6fb_65c1f699">
        <parentIds>
          <string>45</string>
        </parentIds>
        <id>46</id>
        <descriptorId>org.jenkinsci.plugins.pipeline.modeldefinition.steps.ScriptStep</descriptorId>
      </node>
      <actions>
        <wf.a.BodyInvocationAction plugin="workflow-api@1384.vdc05a_48f535f"/>
        <wf.a.TimingAction plugin="workflow-api@1384.vdc05a_48f535f">
          <startTime>1765764547981</startTime>
        </wf.a.TimingAction>
      </actions>
    </Tag>
  </entry>
  <entry>
    <string>47</string>
    <Tag plugin="workflow-support@1010.vb_b_39488a_9841">
      <node class="cps.n.StepAtomNode" plugin="workflow-cps@4238.va_6fb_65c1f699">
        <parentIds>
          <string>46</string>
        </parentIds>
        <id>47</id>
        <descriptorId>org.jenkinsci.plugins.workflow.steps.ReadFileStep</descriptorId>
      </node>
      <actions>
        <cps.a.ArgumentsActionImpl plugin="workflow-cps@4238.va_6fb_65c1f699">
          <arguments>
            <entry>
              <string>file</string>
              <string>spoke_repo/project.json</string>
            </entry>
          </arguments>
          <sensitiveVariables/>
          <isUnmodifiedBySanitization>true</isUnmodifiedBySanitization>
        </cps.a.ArgumentsActionImpl>
        <wf.a.TimingAction plugin="workflow-api@1384.vdc05a_48f535f">
          <startTime>1765764547990</startTime>
        </wf.a.TimingAction>
        <s.a.LogStorageAction/>
      </actions>
    </Tag>
  </entry>
  <entry>
    <string>48</string>
    <Tag plugin="workflow-support@1010.vb_b_39488a_9841">
      <node class="cps.n.StepAtomNode" plugin="workflow-cps@4238.va_6fb_65c1f699">
        <parentIds>
          <string>47</string>
        </parentIds>
        <id>48</id>
        <descriptorId>org.jenkinsci.plugins.pipeline.utility.steps.json.ReadJSONStep</descriptorId>
      </node>
      <actions>
        <cps.a.ArgumentsActionImpl plugin="workflow-cps@4238.va_6fb_65c1f699">
          <arguments>
            <entry>
              <string>text</string>
              <string>{
  &quot;project_name&quot;: &quot;iris_classifier&quot;,
  &quot;team&quot;: &quot;team_a&quot;,
  &quot;allowed_envs&quot;: [&quot;dev&quot;, &quot;stage&quot;],
  &quot;dag_path&quot;: &quot;airflow/dags&quot;,
  &quot;owner&quot;: &quot;iris_team&quot;,
  &quot;tags&quot;: [&quot;iris&quot;, &quot;classification&quot;, &quot;ml&quot;]
}</string>
            </entry>
          </arguments>
          <sensitiveVariables/>
          <isUnmodifiedBySanitization>true</isUnmodifiedBySanitization>
        </cps.a.ArgumentsActionImpl>
        <wf.a.TimingAction plugin="workflow-api@1384.vdc05a_48f535f">
          <startTime>1765764547999</startTime>
        </wf.a.TimingAction>
        <s.a.LogStorageAction/>
      </actions>
    </Tag>
  </entry>
  <entry>
    <string>49</string>
    <Tag plugin="workflow-support@1010.vb_b_39488a_9841">
      <node class="cps.n.StepAtomNode" plugin="workflow-cps@4238.va_6fb_65c1f699">
        <parentIds>
          <string>48</string>
        </parentIds>
        <id>49</id>
        <descriptorId>org.jenkinsci.plugins.workflow.steps.EchoStep</descriptorId>
      </node>
      <actions>
        <cps.a.ArgumentsActionImpl plugin="workflow-cps@4238.va_6fb_65c1f699">
          <arguments>
            <entry>
              <string>message</string>
              <string>Source: spoke_repo/airflow/dags</string>
            </entry>
          </arguments>
          <sensitiveVariables/>
          <isUnmodifiedBySanitization>true</isUnmodifiedBySanitization>
        </cps.a.ArgumentsActionImpl>
        <wf.a.TimingAction plugin="workflow-api@1384.vdc05a_48f535f">
          <startTime>1765764548018</startTime>
        </wf.a.TimingAction>
        <s.a.LogStorageAction/>
      </actions>
    </Tag>
  </entry>
  <entry>
    <string>50</string>
    <Tag plugin="workflow-support@1010.vb_b_39488a_9841">
      <node class="cps.n.StepAtomNode" plugin="workflow-cps@4238.va_6fb_65c1f699">
        <parentIds>
          <string>49</string>
        </parentIds>
        <id>50</id>
        <descriptorId>org.jenkinsci.plugins.workflow.steps.EchoStep</descriptorId>
      </node>
      <actions>
        <cps.a.ArgumentsActionImpl plugin="workflow-cps@4238.va_6fb_65c1f699">
          <arguments>
            <entry>
              <string>message</string>
              <string>Dest:   /workspace/airflow/dags/dev/iris_classifier</string>
            </entry>
          </arguments>
          <sensitiveVariables/>
          <isUnmodifiedBySanitization>true</isUnmodifiedBySanitization>
        </cps.a.ArgumentsActionImpl>
        <wf.a.TimingAction plugin="workflow-api@1384.vdc05a_48f535f">
          <startTime>1765764548021</startTime>
        </wf.a.TimingAction>
        <s.a.LogStorageAction/>
      </actions>
    </Tag>
  </entry>
  <entry>
    <string>51</string>
    <Tag plugin="workflow-support@1010.vb_b_39488a_9841">
      <node class="cps.n.StepAtomNode" plugin="workflow-cps@4238.va_6fb_65c1f699">
        <parentIds>
          <string>50</string>
        </parentIds>
        <id>51</id>
        <descriptorId>org.jenkinsci.plugins.workflow.steps.durable_task.ShellStep</descriptorId>
      </node>
      <actions>
        <cps.a.ArgumentsActionImpl plugin="workflow-cps@4238.va_6fb_65c1f699">
          <arguments>
            <entry>
              <string>script</string>
              <string>
        set -eux
        mkdir -p &apos;/workspace/airflow/dags/dev/iris_classifier&apos;
        ls -la &apos;spoke_repo/airflow/dags&apos; || true
        cp -v &apos;spoke_repo/airflow/dags&apos;/*.py &apos;/workspace/airflow/dags/dev/iris_classifier/&apos;
        echo &quot;Deployed files:&quot;
        ls -la &apos;/workspace/airflow/dags/dev/iris_classifier&apos;
      </string>
            </entry>
          </arguments>
          <sensitiveVariables/>
          <isUnmodifiedBySanitization>true</isUnmodifiedBySanitization>
        </cps.a.ArgumentsActionImpl>
        <wf.a.TimingAction plugin="workflow-api@1384.vdc05a_48f535f">
          <startTime>1765764548025</startTime>
        </wf.a.TimingAction>
        <s.a.LogStorageAction/>
      </actions>
    </Tag>
  </entry>
  <entry>
    <string>52</string>
    <Tag plugin="workflow-support@1010.vb_b_39488a_9841">
      <node class="cps.n.StepEndNode" plugin="workflow-cps@4238.va_6fb_65c1f699">
        <parentIds>
          <string>51</string>
        </parentIds>
        <id>52</id>
        <startId>46</startId>
      </node>
      <actions>
        <wf.a.BodyInvocationAction plugin="workflow-api@1384.vdc05a_48f535f"/>
        <wf.a.TimingAction plugin="workflow-api@1384.vdc05a_48f535f">
          <startTime>1765764548292</startTime>
        </wf.a.TimingAction>
      </actions>
    </Tag>
  </entry>
  <entry>
    <string>53</string>
    <Tag plugin="workflow-support@1010.vb_b_39488a_9841">
      <node class="cps.n.StepEndNode" plugin="workflow-cps@4238.va_6fb_65c1f699">
        <parentIds>
          <string>52</string>
        </parentIds>
        <id>53</id>
        <startId>45</startId>
      </node>
      <actions>
        <wf.a.TimingAction plugin="workflow-api@1384.vdc05a_48f535f">
          <startTime>1765764548303</startTime>
        </wf.a.TimingAction>
      </actions>
    </Tag>
  </entry>
  <entry>
    <string>54</string>
    <Tag plugin="workflow-support@1010.vb_b_39488a_9841">
      <node class="cps.n.StepEndNode" plugin="workflow-cps@4238.va_6fb_65c1f699">
        <parentIds>
          <string>53</string>
        </parentIds>
        <id>54</id>
        <startId>44</startId>
      </node>
      <actions>
        <wf.a.BodyInvocationAction plugin="workflow-api@1384.vdc05a_48f535f"/>
        <wf.a.TimingAction plugin="workflow-api@1384.vdc05a_48f535f">
          <startTime>1765764548308</startTime>
        </wf.a.TimingAction>
      </actions>
    </Tag>
  </entry>
  <entry>
    <string>55</string>
    <Tag plugin="workflow-support@1010.vb_b_39488a_9841">
      <node class="cps.n.StepEndNode" plugin="workflow-cps@4238.va_6fb_65c1f699">
        <parentIds>
          <string>54</string>
        </parentIds>
        <id>55</id>
        <startId>43</startId>
      </node>
      <actions>
        <wf.a.TimingAction plugin="workflow-api@1384.vdc05a_48f535f">
          <startTime>1765764548316</startTime>
        </wf.a.TimingAction>
      </actions>
    </Tag>
  </entry>
  <entry>
    <string>56</string>
    <Tag plugin="workflow-support@1010.vb_b_39488a_9841">
      <node class="cps.n.StepStartNode" plugin="workflow-cps@4238.va_6fb_65c1f699">
        <parentIds>
          <string>55</string>
        </parentIds>
        <id>56</id>
        <descriptorId>org.jenkinsci.plugins.workflow.support.steps.StageStep</descriptorId>
      </node>
      <actions>
        <s.a.LogStorageAction/>
        <cps.a.ArgumentsActionImpl plugin="workflow-cps@4238.va_6fb_65c1f699">
          <arguments>
            <entry>
              <string>name</string>
              <string>Debug: show deployed DAGs (bind mount)</string>
            </entry>
          </arguments>
          <sensitiveVariables/>
          <isUnmodifiedBySanitization>true</isUnmodifiedBySanitization>
        </cps.a.ArgumentsActionImpl>
        <wf.a.TimingAction plugin="workflow-api@1384.vdc05a_48f535f">
          <startTime>1765764548330</startTime>
        </wf.a.TimingAction>
      </actions>
    </Tag>
  </entry>
  <entry>
    <string>57</string>
    <Tag plugin="workflow-support@1010.vb_b_39488a_9841">
      <node class="cps.n.StepStartNode" plugin="workflow-cps@4238.va_6fb_65c1f699">
        <parentIds>
          <string>56</string>
        </parentIds>
        <id>57</id>
        <descriptorId>org.jenkinsci.plugins.workflow.support.steps.StageStep</descriptorId>
      </node>
      <actions>
        <wf.a.BodyInvocationAction plugin="workflow-api@1384.vdc05a_48f535f"/>
        <wf.a.LabelAction plugin="workflow-api@1384.vdc05a_48f535f">
          <displayName>Debug: show deployed DAGs (bind mount)</displayName>
        </wf.a.LabelAction>
        <wf.a.TimingAction plugin="workflow-api@1384.vdc05a_48f535f">
          <startTime>1765764548331</startTime>
        </wf.a.TimingAction>
      </actions>
    </Tag>
  </entry>
  <entry>
    <string>58</string>
    <Tag plugin="workflow-support@1010.vb_b_39488a_9841">
      <node class="cps.n.StepAtomNode" plugin="workflow-cps@4238.va_6fb_65c1f699">
        <parentIds>
          <string>57</string>
        </parentIds>
        <id>58</id>
        <descriptorId>org.jenkinsci.plugins.workflow.steps.durable_task.ShellStep</descriptorId>
      </node>
      <actions>
        <cps.a.ArgumentsActionImpl plugin="workflow-cps@4238.va_6fb_65c1f699">
          <arguments>
            <entry>
              <string>script</string>
              <string>
      set -eux
      echo &quot;Listing /workspace/airflow/dags:&quot;
      ls -R /workspace/airflow/dags || true
    </string>
            </entry>
          </arguments>
          <sensitiveVariables/>
          <isUnmodifiedBySanitization>true</isUnmodifiedBySanitization>
        </cps.a.ArgumentsActionImpl>
        <wf.a.TimingAction plugin="workflow-api@1384.vdc05a_48f535f">
          <startTime>1765764548342</startTime>
        </wf.a.TimingAction>
        <s.a.LogStorageAction/>
      </actions>
    </Tag>
  </entry>
  <entry>
    <string>59</string>
    <Tag plugin="workflow-support@1010.vb_b_39488a_9841">
      <node class="cps.n.StepEndNode" plugin="workflow-cps@4238.va_6fb_65c1f699">
        <parentIds>
          <string>58</string>
        </parentIds>
        <id>59</id>
        <startId>57</startId>
      </node>
      <actions>
        <wf.a.BodyInvocationAction plugin="workflow-api@1384.vdc05a_48f535f"/>
        <wf.a.TimingAction plugin="workflow-api@1384.vdc05a_48f535f">
          <startTime>1765764548609</startTime>
        </wf.a.TimingAction>
      </actions>
    </Tag>
  </entry>
  <entry>
    <string>60</string>
    <Tag plugin="workflow-support@1010.vb_b_39488a_9841">
      <node class="cps.n.StepEndNode" plugin="workflow-cps@4238.va_6fb_65c1f699">
        <parentIds>
          <string>59</string>
        </parentIds>
        <id>60</id>
        <startId>56</startId>
      </node>
      <actions>
        <wf.a.TimingAction plugin="workflow-api@1384.vdc05a_48f535f">
          <startTime>1765764548621</startTime>
        </wf.a.TimingAction>
      </actions>
    </Tag>
  </entry>
  <entry>
    <string>61</string>
    <Tag plugin="workflow-support@1010.vb_b_39488a_9841">
      <node class="cps.n.StepStartNode" plugin="workflow-cps@4238.va_6fb_65c1f699">
        <parentIds>
          <string>60</string>
        </parentIds>
        <id>61</id>
        <descriptorId>org.jenkinsci.plugins.workflow.support.steps.StageStep</descriptorId>
      </node>
      <actions>
        <s.a.LogStorageAction/>
        <cps.a.ArgumentsActionImpl plugin="workflow-cps@4238.va_6fb_65c1f699">
          <arguments>
            <entry>
              <string>name</string>
              <string>Declarative: Post Actions</string>
            </entry>
          </arguments>
          <sensitiveVariables/>
          <isUnmodifiedBySanitization>true</isUnmodifiedBySanitization>
        </cps.a.ArgumentsActionImpl>
        <wf.a.TimingAction plugin="workflow-api@1384.vdc05a_48f535f">
          <startTime>1765764548629</startTime>
        </wf.a.TimingAction>
      </actions>
    </Tag>
  </entry>
  <entry>
    <string>62</string>
    <Tag plugin="workflow-support@1010.vb_b_39488a_9841">
      <node class="cps.n.StepStartNode" plugin="workflow-cps@4238.va_6fb_65c1f699">
        <parentIds>
          <string>61</string>
        </parentIds>
        <id>62</id>
        <descriptorId>org.jenkinsci.plugins.workflow.support.steps.StageStep</descriptorId>
      </node>
      <actions>
        <wf.a.BodyInvocationAction plugin="workflow-api@1384.vdc05a_48f535f"/>
        <wf.a.LabelAction plugin="workflow-api@1384.vdc05a_48f535f">
          <displayName>Declarative: Post Actions</displayName>
        </wf.a.LabelAction>
        <wf.a.TimingAction plugin="workflow-api@1384.vdc05a_48f535f">
          <startTime>1765764548630</startTime>
        </wf.a.TimingAction>
        <wf.a.TagsAction plugin="workflow-api@1384.vdc05a_48f535f">
          <tags>
            <entry>
              <string>SYNTHETIC_STAGE</string>
              <string>POST</string>
            </entry>
          </tags>
        </wf.a.TagsAction>
      </actions>
    </Tag>
  </entry>
  <entry>
    <string>63</string>
    <Tag plugin="workflow-support@1010.vb_b_39488a_9841">
      <node class="cps.n.StepAtomNode" plugin="workflow-cps@4238.va_6fb_65c1f699">
        <parentIds>
          <string>62</string>
        </parentIds>
        <id>63</id>
        <descriptorId>org.jenkinsci.plugins.workflow.steps.EchoStep</descriptorId>
      </node>
      <actions>
        <cps.a.ArgumentsActionImpl plugin="workflow-cps@4238.va_6fb_65c1f699">
          <arguments>
            <entry>
              <string>message</string>
              <string>DAG deployment successful for dev from https://github.com/saikumarpochireddygari/spoke-repo.git</string>
            </entry>
          </arguments>
          <sensitiveVariables/>
          <isUnmodifiedBySanitization>true</isUnmodifiedBySanitization>
        </cps.a.ArgumentsActionImpl>
        <wf.a.TimingAction plugin="workflow-api@1384.vdc05a_48f535f">
          <startTime>1765764548642</startTime>
        </wf.a.TimingAction>
        <s.a.LogStorageAction/>
      </actions>
    </Tag>
  </entry>
  <entry>
    <string>64</string>
    <Tag plugin="workflow-support@1010.vb_b_39488a_9841">
      <node class="cps.n.StepEndNode" plugin="workflow-cps@4238.va_6fb_65c1f699">
        <parentIds>
          <string>63</string>
        </parentIds>
        <id>64</id>
        <startId>62</startId>
      </node>
      <actions>
        <wf.a.BodyInvocationAction plugin="workflow-api@1384.vdc05a_48f535f"/>
        <wf.a.TimingAction plugin="workflow-api@1384.vdc05a_48f535f">
          <startTime>1765764548648</startTime>
        </wf.a.TimingAction>
      </actions>
    </Tag>
  </entry>
  <entry>
    <string>65</string>
    <Tag plugin="workflow-support@1010.vb_b_39488a_9841">
      <node class="cps.n.StepEndNode" plugin="workflow-cps@4238.va_6fb_65c1f699">
        <parentIds>
          <string>64</string>
        </parentIds>
        <id>65</id>
        <startId>61</startId>
      </node>
      <actions>
        <wf.a.TimingAction plugin="workflow-api@1384.vdc05a_48f535f">
          <startTime>1765764548655</startTime>
        </wf.a.TimingAction>
      </actions>
    </Tag>
  </entry>
  <entry>
    <string>66</string>
    <Tag plugin="workflow-support@1010.vb_b_39488a_9841">
      <node class="cps.n.StepEndNode" plugin="workflow-cps@4238.va_6fb_65c1f699">
        <parentIds>
          <string>65</string>
        </parentIds>
        <id>66</id>
        <startId>13</startId>
      </node>
      <actions>
        <wf.a.BodyInvocationAction plugin="workflow-api@1384.vdc05a_48f535f"/>
        <wf.a.TimingAction plugin="workflow-api@1384.vdc05a_48f535f">
          <startTime>1765764548658</startTime>
        </wf.a.TimingAction>
      </actions>
    </Tag>
  </entry>
  <entry>
    <string>67</string>
    <Tag plugin="workflow-support@1010.vb_b_39488a_9841">
      <node class="cps.n.StepEndNode" plugin="workflow-cps@4238.va_6fb_65c1f699">
        <parentIds>
          <string>66</string>
        </parentIds>
        <id>67</id>
        <startId>12</startId>
      </node>
      <actions>
        <wf.a.TimingAction plugin="workflow-api@1384.vdc05a_48f535f">
          <startTime>1765764548664</startTime>
        </wf.a.TimingAction>
      </actions>
    </Tag>
  </entry>
  <entry>
    <string>68</string>
    <Tag plugin="workflow-support@1010.vb_b_39488a_9841">
      <node class="cps.n.StepEndNode" plugin="workflow-cps@4238.va_6fb_65c1f699">
        <parentIds>
          <string>67</string>
        </parentIds>
        <id>68</id>
        <startId>11</startId>
      </node>
      <actions>
        <wf.a.BodyInvocationAction plugin="workflow-api@1384.vdc05a_48f535f"/>
        <wf.a.TimingAction plugin="workflow-api@1384.vdc05a_48f535f">
          <startTime>1765764548666</startTime>
        </wf.a.TimingAction>
      </actions>
    </Tag>
  </entry>
  <entry>
    <string>69</string>
    <Tag plugin="workflow-support@1010.vb_b_39488a_9841">
      <node class="cps.n.StepEndNode" plugin="workflow-cps@4238.va_6fb_65c1f699">
        <parentIds>
          <string>68</string>
        </parentIds>
        <id>69</id>
        <startId>10</startId>
      </node>
      <actions>
        <wf.a.TimingAction plugin="workflow-api@1384.vdc05a_48f535f">
          <startTime>1765764548672</startTime>
        </wf.a.TimingAction>
      </actions>
    </Tag>
  </entry>
  <entry>
    <string>70</string>
    <Tag plugin="workflow-support@1010.vb_b_39488a_9841">
      <node class="cps.n.StepEndNode" plugin="workflow-cps@4238.va_6fb_65c1f699">
        <parentIds>
          <string>69</string>
        </parentIds>
        <id>70</id>
        <startId>4</startId>
      </node>
      <actions>
        <wf.a.BodyInvocationAction plugin="workflow-api@1384.vdc05a_48f535f"/>
        <wf.a.TimingAction plugin="workflow-api@1384.vdc05a_48f535f">
          <startTime>1765764548675</startTime>
        </wf.a.TimingAction>
      </actions>
    </Tag>
  </entry>
  <entry>
    <string>71</string>
    <Tag plugin="workflow-support@1010.vb_b_39488a_9841">
      <node class="cps.n.StepEndNode" plugin="workflow-cps@4238.va_6fb_65c1f699">
        <parentIds>
          <string>70</string>
        </parentIds>
        <id>71</id>
        <startId>3</startId>
      </node>
      <actions>
        <wf.a.TimingAction plugin="workflow-api@1384.vdc05a_48f535f">
          <startTime>1765764548681</startTime>
        </wf.a.TimingAction>
      </actions>
    </Tag>
  </entry>
  <entry>
    <string>72</string>
    <Tag plugin="workflow-support@1010.vb_b_39488a_9841">
      <node class="org.jenkinsci.plugins.workflow.graph.FlowEndNode" plugin="workflow-api@1384.vdc05a_48f535f">
        <parentIds>
          <string>71</string>
        </parentIds>
        <id>72</id>
        <startId>2</startId>
        <result>
          <name>SUCCESS</name>
          <ordinal>0</ordinal>
          <color>BLUE</color>
          <completeBuild>true</completeBuild>
        </result>
      </node>
      <actions>
        <wf.a.TimingAction plugin="workflow-api@1384.vdc05a_48f535f">
          <startTime>1765764548684</startTime>
        </wf.a.TimingAction>
      </actions>
    </Tag>
  </entry>
</linked-hash-map>