<?xml version="1.1" encoding="UTF-8"?>
<linked-hash-map>
  <entry>
    <string>2</string>
    <Tag plugin="workflow-support@1010.vb_b_39488a_9841">
      <node class="org.jenkinsci.plugins.workflow.graph.FlowStartNode" plugin="workflow-api@1384.vdc05a_48f535f">
        <parentIds/>
        <id>2</id>
      </node>
      <actions>
        <wf.a.TimingAction plugin="workflow-api@1384.vdc05a_48f535f">
          <startTime>1765764331271</startTime>
        </wf.a.TimingAction>
      </actions>
    </Tag>
  </entry>
  <entry>
    <string>3</string>
    <Tag plugin="workflow-support@1010.vb_b_39488a_9841">
      <node class="cps.n.StepStartNode" plugin="workflow-cps@4238.va_6fb_65c1f699">
        <parentIds>
          <string>2</string>
        </parentIds>
        <id>3</id>
        <descriptorId>org.jenkinsci.plugins.workflow.support.steps.ExecutorStep</descriptorId>
      </node>
      <actions>
        <s.a.LogStorageAction/>
        <wf.a.TimingAction plugin="workflow-api@1384.vdc05a_48f535f">
          <startTime>1765764331360</startTime>
        </wf.a.TimingAction>
        <org.jenkinsci.plugins.workflow.support.steps.ExecutorStepExecution_-QueueItemActionImpl plugin="workflow-durable-task-step@1464.v2d3f5c68f84c">
          <id>4</id>
        </org.jenkinsci.plugins.workflow.support.steps.ExecutorStepExecution_-QueueItemActionImpl>
        <s.a.WorkspaceActionImpl>
          <node></node>
          <path>/var/jenkins_home/workspace/PLATFORM_LC/trigger_airflow_dag</path>
          <labels class="sorted-set"/>
        </s.a.WorkspaceActionImpl>
      </actions>
    </Tag>
  </entry>
  <entry>
    <string>4</string>
    <Tag plugin="workflow-support@1010.vb_b_39488a_9841">
      <node class="cps.n.StepStartNode" plugin="workflow-cps@4238.va_6fb_65c1f699">
        <parentIds>
          <string>3</string>
        </parentIds>
        <id>4</id>
        <descriptorId>org.jenkinsci.plugins.workflow.support.steps.ExecutorStep</descriptorId>
      </node>
      <actions>
        <wf.a.BodyInvocationAction plugin="workflow-api@1384.vdc05a_48f535f"/>
        <wf.a.TimingAction plugin="workflow-api@1384.vdc05a_48f535f">
          <startTime>1765764331372</startTime>
        </wf.a.TimingAction>
      </actions>
    </Tag>
  </entry>
  <entry>
    <string>5</string>
    <Tag plugin="workflow-support@1010.vb_b_39488a_9841">
      <node class="cps.n.StepStartNode" plugin="workflow-cps@4238.va_6fb_65c1f699">
        <parentIds>
          <string>4</string>
        </parentIds>
        <id>5</id>
        <descriptorId>org.jenkinsci.plugins.workflow.support.steps.StageStep</descriptorId>
      </node>
      <actions>
        <s.a.LogStorageAction/>
        <cps.a.ArgumentsActionImpl plugin="workflow-cps@4238.va_6fb_65c1f699">
          <arguments>
            <entry>
              <string>name</string>
              <string>Declarative: Checkout SCM</string>
            </entry>
          </arguments>
          <sensitiveVariables/>
          <isUnmodifiedBySanitization>true</isUnmodifiedBySanitization>
        </cps.a.ArgumentsActionImpl>
        <wf.a.TimingAction plugin="workflow-api@1384.vdc05a_48f535f">
          <startTime>1765764331382</startTime>
        </wf.a.TimingAction>
      </actions>
    </Tag>
  </entry>
  <entry>
    <string>6</string>
    <Tag plugin="workflow-support@1010.vb_b_39488a_9841">
      <node class="cps.n.StepStartNode" plugin="workflow-cps@4238.va_6fb_65c1f699">
        <parentIds>
          <string>5</string>
        </parentIds>
        <id>6</id>
        <descriptorId>org.jenkinsci.plugins.workflow.support.steps.StageStep</descriptorId>
      </node>
      <actions>
        <wf.a.BodyInvocationAction plugin="workflow-api@1384.vdc05a_48f535f"/>
        <wf.a.LabelAction plugin="workflow-api@1384.vdc05a_48f535f">
          <displayName>Declarative: Checkout SCM</displayName>
        </wf.a.LabelAction>
        <wf.a.TimingAction plugin="workflow-api@1384.vdc05a_48f535f">
          <startTime>1765764331383</startTime>
        </wf.a.TimingAction>
        <wf.a.TagsAction plugin="workflow-api@1384.vdc05a_48f535f">
          <tags>
            <entry>
              <string>SYNTHETIC_STAGE</string>
              <string>PRE</string>
            </entry>
          </tags>
        </wf.a.TagsAction>
      </actions>
    </Tag>
  </entry>
  <entry>
    <string>7</string>
    <Tag plugin="workflow-support@1010.vb_b_39488a_9841">
      <node class="cps.n.StepAtomNode" plugin="workflow-cps@4238.va_6fb_65c1f699">
        <parentIds>
          <string>6</string>
        </parentIds>
        <id>7</id>
        <descriptorId>org.jenkinsci.plugins.workflow.steps.scm.GenericSCMStep</descriptorId>
      </node>
      <actions>
        <cps.a.ArgumentsActionImpl plugin="workflow-cps@4238.va_6fb_65c1f699">
          <arguments>
            <entry>
              <string>scm</string>
              <org.jenkinsci.plugins.structs.describable.UninstantiatedDescribable plugin="structs@362.va_b_695ef4fdf9">
                <symbol>scmGit</symbol>
                <arguments class="tree-map">
                  <entry>
                    <string>branches</string>
                    <list>
                      <org.jenkinsci.plugins.structs.describable.UninstantiatedDescribable>
                        <arguments class="tree-map">
                          <entry>
                            <string>name</string>
                            <string>*/main</string>
                          </entry>
                        </arguments>
                        <model resolves-to="org.jenkinsci.plugins.structs.describable.DescribableModel$SerializedForm">
                          <type>hudson.plugins.git.BranchSpec</type>
                        </model>
                      </org.jenkinsci.plugins.structs.describable.UninstantiatedDescribable>
                    </list>
                  </entry>
                  <entry>
                    <string>extensions</string>
                    <list/>
                  </entry>
                  <entry>
                    <string>userRemoteConfigs</string>
                    <list>
                      <org.jenkinsci.plugins.structs.describable.UninstantiatedDescribable>
                        <arguments class="tree-map">
                          <entry>
                            <string>credentialsId</string>
                            <string>github_connection</string>
                          </entry>
                          <entry>
                            <string>url</string>
                            <string>https://github.com/saikumarpochireddygari/platform-service.git</string>
                          </entry>
                        </arguments>
                        <model resolves-to="org.jenkinsci.plugins.structs.describable.DescribableModel$SerializedForm">
                          <type>hudson.plugins.git.UserRemoteConfig</type>
                        </model>
                      </org.jenkinsci.plugins.structs.describable.UninstantiatedDescribable>
                    </list>
                  </entry>
                </arguments>
                <model resolves-to="org.jenkinsci.plugins.structs.describable.DescribableModel$SerializedForm">
                  <type>hudson.plugins.git.GitSCM</type>
                </model>
              </org.jenkinsci.plugins.structs.describable.UninstantiatedDescribable>
            </entry>
          </arguments>
          <sensitiveVariables/>
          <isUnmodifiedBySanitization>true</isUnmodifiedBySanitization>
        </cps.a.ArgumentsActionImpl>
        <wf.a.TimingAction plugin="workflow-api@1384.vdc05a_48f535f">
          <startTime>1765764331392</startTime>
        </wf.a.TimingAction>
        <s.a.LogStorageAction/>
      </actions>
    </Tag>
  </entry>
  <entry>
    <string>8</string>
    <Tag plugin="workflow-support@1010.vb_b_39488a_9841">
      <node class="cps.n.StepEndNode" plugin="workflow-cps@4238.va_6fb_65c1f699">
        <parentIds>
          <string>7</string>
        </parentIds>
        <id>8</id>
        <startId>6</startId>
      </node>
      <actions>
        <wf.a.BodyInvocationAction plugin="workflow-api@1384.vdc05a_48f535f"/>
        <wf.a.TimingAction plugin="workflow-api@1384.vdc05a_48f535f">
          <startTime>1765764331603</startTime>
        </wf.a.TimingAction>
      </actions>
    </Tag>
  </entry>
  <entry>
    <string>9</string>
    <Tag plugin="workflow-support@1010.vb_b_39488a_9841">
      <node class="cps.n.StepEndNode" plugin="workflow-cps@4238.va_6fb_65c1f699">
        <parentIds>
          <string>8</string>
        </parentIds>
        <id>9</id>
        <startId>5</startId>
      </node>
      <actions>
        <wf.a.TimingAction plugin="workflow-api@1384.vdc05a_48f535f">
          <startTime>1765764331612</startTime>
        </wf.a.TimingAction>
      </actions>
    </Tag>
  </entry>
  <entry>
    <string>10</string>
    <Tag plugin="workflow-support@1010.vb_b_39488a_9841">
      <node class="cps.n.StepStartNode" plugin="workflow-cps@4238.va_6fb_65c1f699">
        <parentIds>
          <string>9</string>
        </parentIds>
        <id>10</id>
        <descriptorId>org.jenkinsci.plugins.workflow.steps.EnvStep</descriptorId>
      </node>
      <actions>
        <s.a.LogStorageAction/>
        <cps.a.ArgumentsActionImpl plugin="workflow-cps@4238.va_6fb_65c1f699">
          <arguments>
            <entry>
              <string>overrides</string>
              <list>
                <string>GIT_BRANCH=origin/main</string>
                <string>GIT_COMMIT=82b89e7b5acc8604017875f05855156f9aef44e7</string>
                <string>GIT_URL=https://github.com/saikumarpochireddygari/platform-service.git</string>
              </list>
            </entry>
          </arguments>
          <sensitiveVariables/>
          <isUnmodifiedBySanitization>true</isUnmodifiedBySanitization>
        </cps.a.ArgumentsActionImpl>
        <wf.a.TimingAction plugin="workflow-api@1384.vdc05a_48f535f">
          <startTime>1765764331621</startTime>
        </wf.a.TimingAction>
      </actions>
    </Tag>
  </entry>
  <entry>
    <string>11</string>
    <Tag plugin="workflow-support@1010.vb_b_39488a_9841">
      <node class="cps.n.StepStartNode" plugin="workflow-cps@4238.va_6fb_65c1f699">
        <parentIds>
          <string>10</string>
        </parentIds>
        <id>11</id>
        <descriptorId>org.jenkinsci.plugins.workflow.steps.EnvStep</descriptorId>
      </node>
      <actions>
        <wf.a.BodyInvocationAction plugin="workflow-api@1384.vdc05a_48f535f"/>
        <wf.a.TimingAction plugin="workflow-api@1384.vdc05a_48f535f">
          <startTime>1765764331623</startTime>
        </wf.a.TimingAction>
      </actions>
    </Tag>
  </entry>
  <entry>
    <string>12</string>
    <Tag plugin="workflow-support@1010.vb_b_39488a_9841">
      <node class="cps.n.StepStartNode" plugin="workflow-cps@4238.va_6fb_65c1f699">
        <parentIds>
          <string>11</string>
        </parentIds>
        <id>12</id>
        <descriptorId>org.jenkinsci.plugins.workflow.steps.EnvStep</descriptorId>
      </node>
      <actions>
        <s.a.LogStorageAction/>
        <cps.a.ArgumentsActionImpl plugin="workflow-cps@4238.va_6fb_65c1f699">
          <arguments>
            <entry>
              <string>overrides</string>
              <list>
                <string>AIRFLOW_BASE_URL=http://airflow-webserver:8080</string>
              </list>
            </entry>
          </arguments>
          <sensitiveVariables/>
          <isUnmodifiedBySanitization>true</isUnmodifiedBySanitization>
        </cps.a.ArgumentsActionImpl>
        <wf.a.TimingAction plugin="workflow-api@1384.vdc05a_48f535f">
          <startTime>1765764331635</startTime>
        </wf.a.TimingAction>
      </actions>
    </Tag>
  </entry>
  <entry>
    <string>13</string>
    <Tag plugin="workflow-support@1010.vb_b_39488a_9841">
      <node class="cps.n.StepStartNode" plugin="workflow-cps@4238.va_6fb_65c1f699">
        <parentIds>
          <string>12</string>
        </parentIds>
        <id>13</id>
        <descriptorId>org.jenkinsci.plugins.workflow.steps.EnvStep</descriptorId>
      </node>
      <actions>
        <wf.a.BodyInvocationAction plugin="workflow-api@1384.vdc05a_48f535f"/>
        <wf.a.TimingAction plugin="workflow-api@1384.vdc05a_48f535f">
          <startTime>1765764331637</startTime>
        </wf.a.TimingAction>
      </actions>
    </Tag>
  </entry>
  <entry>
    <string>14</string>
    <Tag plugin="workflow-support@1010.vb_b_39488a_9841">
      <node class="cps.n.StepStartNode" plugin="workflow-cps@4238.va_6fb_65c1f699">
        <parentIds>
          <string>13</string>
        </parentIds>
        <id>14</id>
        <descriptorId>org.jenkinsci.plugins.workflow.support.steps.StageStep</descriptorId>
      </node>
      <actions>
        <s.a.LogStorageAction/>
        <cps.a.ArgumentsActionImpl plugin="workflow-cps@4238.va_6fb_65c1f699">
          <arguments>
            <entry>
              <string>name</string>
              <string>Checkout Platform Repo</string>
            </entry>
          </arguments>
          <sensitiveVariables/>
          <isUnmodifiedBySanitization>true</isUnmodifiedBySanitization>
        </cps.a.ArgumentsActionImpl>
        <wf.a.TimingAction plugin="workflow-api@1384.vdc05a_48f535f">
          <startTime>1765764331646</startTime>
        </wf.a.TimingAction>
      </actions>
    </Tag>
  </entry>
  <entry>
    <string>15</string>
    <Tag plugin="workflow-support@1010.vb_b_39488a_9841">
      <node class="cps.n.StepStartNode" plugin="workflow-cps@4238.va_6fb_65c1f699">
        <parentIds>
          <string>14</string>
        </parentIds>
        <id>15</id>
        <descriptorId>org.jenkinsci.plugins.workflow.support.steps.StageStep</descriptorId>
      </node>
      <actions>
        <wf.a.BodyInvocationAction plugin="workflow-api@1384.vdc05a_48f535f"/>
        <wf.a.LabelAction plugin="workflow-api@1384.vdc05a_48f535f">
          <displayName>Checkout Platform Repo</displayName>
        </wf.a.LabelAction>
        <wf.a.TimingAction plugin="workflow-api@1384.vdc05a_48f535f">
          <startTime>1765764331648</startTime>
        </wf.a.TimingAction>
      </actions>
    </Tag>
  </entry>
  <entry>
    <string>16</string>
    <Tag plugin="workflow-support@1010.vb_b_39488a_9841">
      <node class="cps.n.StepAtomNode" plugin="workflow-cps@4238.va_6fb_65c1f699">
        <parentIds>
          <string>15</string>
        </parentIds>
        <id>16</id>
        <descriptorId>org.jenkinsci.plugins.workflow.steps.scm.GenericSCMStep</descriptorId>
      </node>
      <actions>
        <cps.a.ArgumentsActionImpl plugin="workflow-cps@4238.va_6fb_65c1f699">
          <arguments>
            <entry>
              <string>scm</string>
              <org.jenkinsci.plugins.structs.describable.UninstantiatedDescribable plugin="structs@362.va_b_695ef4fdf9">
                <symbol>scmGit</symbol>
                <arguments class="tree-map">
                  <entry>
                    <string>branches</string>
                    <list>
                      <org.jenkinsci.plugins.structs.describable.UninstantiatedDescribable>
                        <arguments class="tree-map">
                          <entry>
                            <string>name</string>
                            <string>*/main</string>
                          </entry>
                        </arguments>
                        <model resolves-to="org.jenkinsci.plugins.structs.describable.DescribableModel$SerializedForm">
                          <type>hudson.plugins.git.BranchSpec</type>
                        </model>
                      </org.jenkinsci.plugins.structs.describable.UninstantiatedDescribable>
                    </list>
                  </entry>
                  <entry>
                    <string>extensions</string>
                    <list/>
                  </entry>
                  <entry>
                    <string>userRemoteConfigs</string>
                    <list>
                      <org.jenkinsci.plugins.structs.describable.UninstantiatedDescribable>
                        <arguments class="tree-map">
                          <entry>
                            <string>credentialsId</string>
                            <string>github_connection</string>
                          </entry>
                          <entry>
                            <string>url</string>
                            <string>https://github.com/saikumarpochireddygari/platform-service.git</string>
                          </entry>
                        </arguments>
                        <model resolves-to="org.jenkinsci.plugins.structs.describable.DescribableModel$SerializedForm">
                          <type>hudson.plugins.git.UserRemoteConfig</type>
                        </model>
                      </org.jenkinsci.plugins.structs.describable.UninstantiatedDescribable>
                    </list>
                  </entry>
                </arguments>
                <model reference="../../../../../../../../entry[6]/Tag/actions/cps.a.ArgumentsActionImpl/arguments/entry/org.jenkinsci.plugins.structs.describable.UninstantiatedDescribable/model"/>
              </org.jenkinsci.plugins.structs.describable.UninstantiatedDescribable>
            </entry>
          </arguments>
          <sensitiveVariables/>
          <isUnmodifiedBySanitization>true</isUnmodifiedBySanitization>
        </cps.a.ArgumentsActionImpl>
        <wf.a.TimingAction plugin="workflow-api@1384.vdc05a_48f535f">
          <startTime>1765764331665</startTime>
        </wf.a.TimingAction>
        <s.a.LogStorageAction/>
      </actions>
    </Tag>
  </entry>
  <entry>
    <string>17</string>
    <Tag plugin="workflow-support@1010.vb_b_39488a_9841">
      <node class="cps.n.StepEndNode" plugin="workflow-cps@4238.va_6fb_65c1f699">
        <parentIds>
          <string>16</string>
        </parentIds>
        <id>17</id>
        <startId>15</startId>
      </node>
      <actions>
        <wf.a.BodyInvocationAction plugin="workflow-api@1384.vdc05a_48f535f"/>
        <wf.a.TimingAction plugin="workflow-api@1384.vdc05a_48f535f">
          <startTime>1765764331813</startTime>
        </wf.a.TimingAction>
      </actions>
    </Tag>
  </entry>
  <entry>
    <string>18</string>
    <Tag plugin="workflow-support@1010.vb_b_39488a_9841">
      <node class="cps.n.StepEndNode" plugin="workflow-cps@4238.va_6fb_65c1f699">
        <parentIds>
          <string>17</string>
        </parentIds>
        <id>18</id>
        <startId>14</startId>
      </node>
      <actions>
        <wf.a.TimingAction plugin="workflow-api@1384.vdc05a_48f535f">
          <startTime>1765764331821</startTime>
        </wf.a.TimingAction>
      </actions>
    </Tag>
  </entry>
  <entry>
    <string>19</string>
    <Tag plugin="workflow-support@1010.vb_b_39488a_9841">
      <node class="cps.n.StepStartNode" plugin="workflow-cps@4238.va_6fb_65c1f699">
        <parentIds>
          <string>18</string>
        </parentIds>
        <id>19</id>
        <descriptorId>org.jenkinsci.plugins.workflow.support.steps.StageStep</descriptorId>
      </node>
      <actions>
        <s.a.LogStorageAction/>
        <cps.a.ArgumentsActionImpl plugin="workflow-cps@4238.va_6fb_65c1f699">
          <arguments>
            <entry>
              <string>name</string>
              <string>Trigger Airflow DAG via Python</string>
            </entry>
          </arguments>
          <sensitiveVariables/>
          <isUnmodifiedBySanitization>true</isUnmodifiedBySanitization>
        </cps.a.ArgumentsActionImpl>
        <wf.a.TimingAction plugin="workflow-api@1384.vdc05a_48f535f">
          <startTime>1765764331828</startTime>
        </wf.a.TimingAction>
      </actions>
    </Tag>
  </entry>
  <entry>
    <string>20</string>
    <Tag plugin="workflow-support@1010.vb_b_39488a_9841">
      <node class="cps.n.StepStartNode" plugin="workflow-cps@4238.va_6fb_65c1f699">
        <parentIds>
          <string>19</string>
        </parentIds>
        <id>20</id>
        <descriptorId>org.jenkinsci.plugins.workflow.support.steps.StageStep</descriptorId>
      </node>
      <actions>
        <wf.a.BodyInvocationAction plugin="workflow-api@1384.vdc05a_48f535f"/>
        <wf.a.LabelAction plugin="workflow-api@1384.vdc05a_48f535f">
          <displayName>Trigger Airflow DAG via Python</displayName>
        </wf.a.LabelAction>
        <wf.a.TimingAction plugin="workflow-api@1384.vdc05a_48f535f">
          <startTime>1765764331830</startTime>
        </wf.a.TimingAction>
        <wf.a.TagsAction plugin="workflow-api@1384.vdc05a_48f535f">
          <tags>
            <entry>
              <string>STAGE_STATUS</string>
              <string>FAILED_AND_CONTINUED</string>
            </entry>
          </tags>
        </wf.a.TagsAction>
      </actions>
    </Tag>
  </entry>
  <entry>
    <string>21</string>
    <Tag plugin="workflow-support@1010.vb_b_39488a_9841">
      <node class="cps.n.StepStartNode" plugin="workflow-cps@4238.va_6fb_65c1f699">
        <parentIds>
          <string>20</string>
        </parentIds>
        <id>21</id>
        <descriptorId>org.jenkinsci.plugins.credentialsbinding.impl.BindingStep</descriptorId>
      </node>
      <actions>
        <s.a.LogStorageAction/>
        <cps.a.ArgumentsActionImpl plugin="workflow-cps@4238.va_6fb_65c1f699">
          <arguments>
            <entry>
              <string>bindings</string>
              <list>
                <org.jenkinsci.plugins.workflow.cps.UninstantiatedDescribableWithInterpolation>
                  <symbol>usernamePassword</symbol>
                  <arguments class="linked-hash-map">
                    <entry>
                      <string>credentialsId</string>
                      <string>airflow_connection</string>
                    </entry>
                    <entry>
                      <string>usernameVariable</string>
                      <string>AIRFLOW_USERNAME</string>
                    </entry>
                    <entry>
                      <string>passwordVariable</string>
                      <string>AIRFLOW_PASSWORD</string>
                    </entry>
                  </arguments>
                  <interpolatedStrings/>
                </org.jenkinsci.plugins.workflow.cps.UninstantiatedDescribableWithInterpolation>
              </list>
            </entry>
          </arguments>
          <sensitiveVariables/>
          <isUnmodifiedBySanitization>true</isUnmodifiedBySanitization>
        </cps.a.ArgumentsActionImpl>
        <wf.a.TimingAction plugin="workflow-api@1384.vdc05a_48f535f">
          <startTime>1765764331847</startTime>
        </wf.a.TimingAction>
      </actions>
    </Tag>
  </entry>
  <entry>
    <string>22</string>
    <Tag plugin="workflow-support@1010.vb_b_39488a_9841">
      <node class="cps.n.StepStartNode" plugin="workflow-cps@4238.va_6fb_65c1f699">
        <parentIds>
          <string>21</string>
        </parentIds>
        <id>22</id>
        <descriptorId>org.jenkinsci.plugins.credentialsbinding.impl.BindingStep</descriptorId>
      </node>
      <actions>
        <wf.a.BodyInvocationAction plugin="workflow-api@1384.vdc05a_48f535f"/>
        <wf.a.TimingAction plugin="workflow-api@1384.vdc05a_48f535f">
          <startTime>1765764331857</startTime>
        </wf.a.TimingAction>
      </actions>
    </Tag>
  </entry>
  <entry>
    <string>23</string>
    <Tag plugin="workflow-support@1010.vb_b_39488a_9841">
      <node class="cps.n.StepAtomNode" plugin="workflow-cps@4238.va_6fb_65c1f699">
        <parentIds>
          <string>22</string>
        </parentIds>
        <id>23</id>
        <descriptorId>org.jenkinsci.plugins.workflow.steps.durable_task.ShellStep</descriptorId>
      </node>
      <actions>
        <cps.a.ArgumentsActionImpl plugin="workflow-cps@4238.va_6fb_65c1f699">
          <arguments>
            <entry>
              <string>script</string>
              <string>#!/usr/bin/env bash
            set -euo pipefail

            cd &quot;${WORKSPACE}&quot;

            echo &quot;==&gt; Running Python DAG trigger&quot;
            python3 scripts/trigger_airflow_dag.py               --airflow-base-url &quot;${AIRFLOW_BASE_URL}&quot;               --dag-id &quot;${DAG_ID}&quot;               --env &quot;${ENV}&quot;               --run-id-prefix &quot;${RUN_ID_PREFIX}&quot;               ${DAG_CONF_JSON:+&quot;--conf-json ${DAG_CONF_JSON}&quot;}
          </string>
            </entry>
          </arguments>
          <sensitiveVariables>
            <string>AIRFLOW_PASSWORD</string>
            <string>AIRFLOW_USERNAME</string>
          </sensitiveVariables>
          <isUnmodifiedBySanitization>true</isUnmodifiedBySanitization>
        </cps.a.ArgumentsActionImpl>
        <wf.a.TimingAction plugin="workflow-api@1384.vdc05a_48f535f">
          <startTime>1765764331864</startTime>
        </wf.a.TimingAction>
        <s.a.LogStorageAction/>
        <wf.a.ErrorAction plugin="workflow-api@1384.vdc05a_48f535f">
          <error class="hudson.AbortException">
            <detailMessage>script returned exit code 1</detailMessage>
            <stackTrace>
              <trace>PluginClassLoader for workflow-durable-task-step//org.jenkinsci.plugins.workflow.steps.durable_task.DurableTaskStep$Execution.handleExit(DurableTaskStep.java:693)</trace>
              <trace>PluginClassLoader for workflow-durable-task-step//org.jenkinsci.plugins.workflow.steps.durable_task.DurableTaskStep$Execution.check(DurableTaskStep.java:625)</trace>
              <trace>PluginClassLoader for workflow-durable-task-step//org.jenkinsci.plugins.workflow.steps.durable_task.DurableTaskStep$Execution.run(DurableTaskStep.java:566)</trace>
              <trace>java.base/java.util.concurrent.Executors$RunnableAdapter.call(Unknown Source)</trace>
              <trace>java.base/java.util.concurrent.FutureTask.run(Unknown Source)</trace>
              <trace>java.base/java.util.concurrent.ScheduledThreadPoolExecutor$ScheduledFutureTask.run(Unknown Source)</trace>
              <trace>java.base/java.util.concurrent.ThreadPoolExecutor.runWorker(Unknown Source)</trace>
              <trace>java.base/java.util.concurrent.ThreadPoolExecutor$Worker.run(Unknown Source)</trace>
              <trace>java.base/java.lang.Thread.run(Unknown Source)</trace>
            </stackTrace>
            <suppressedExceptions>
              <wf.a.ErrorAction_-ErrorId>
                <stackTrace/>
                <suppressedExceptions class="empty-list"/>
                <uuid>9988c834-b921-474b-a5ca-cf17c7be9558</uuid>
              </wf.a.ErrorAction_-ErrorId>
            </suppressedExceptions>
          </error>
        </wf.a.ErrorAction>
      </actions>
    </Tag>
  </entry>
  <entry>
    <string>24</string>
    <Tag plugin="workflow-support@1010.vb_b_39488a_9841">
      <node class="cps.n.StepEndNode" plugin="workflow-cps@4238.va_6fb_65c1f699">
        <parentIds>
          <string>23</string>
        </parentIds>
        <id>24</id>
        <startId>22</startId>
      </node>
      <actions>
        <wf.a.BodyInvocationAction plugin="workflow-api@1384.vdc05a_48f535f"/>
        <wf.a.TimingAction plugin="workflow-api@1384.vdc05a_48f535f">
          <startTime>1765764332131</startTime>
        </wf.a.TimingAction>
        <wf.a.ErrorAction plugin="workflow-api@1384.vdc05a_48f535f">
          <error class="hudson.AbortException" reference="../../../../../entry[22]/Tag/actions/wf.a.ErrorAction/error"/>
        </wf.a.ErrorAction>
        <s.a.LogStorageAction/>
      </actions>
    </Tag>
  </entry>
  <entry>
    <string>25</string>
    <Tag plugin="workflow-support@1010.vb_b_39488a_9841">
      <node class="cps.n.StepEndNode" plugin="workflow-cps@4238.va_6fb_65c1f699">
        <parentIds>
          <string>24</string>
        </parentIds>
        <id>25</id>
        <startId>21</startId>
      </node>
      <actions>
        <wf.a.TimingAction plugin="workflow-api@1384.vdc05a_48f535f">
          <startTime>1765764332140</startTime>
        </wf.a.TimingAction>
        <wf.a.ErrorAction plugin="workflow-api@1384.vdc05a_48f535f">
          <error class="hudson.AbortException" reference="../../../../../entry[22]/Tag/actions/wf.a.ErrorAction/error"/>
        </wf.a.ErrorAction>
      </actions>
    </Tag>
  </entry>
  <entry>
    <string>26</string>
    <Tag plugin="workflow-support@1010.vb_b_39488a_9841">
      <node class="cps.n.StepEndNode" plugin="workflow-cps@4238.va_6fb_65c1f699">
        <parentIds>
          <string>25</string>
        </parentIds>
        <id>26</id>
        <startId>20</startId>
      </node>
      <actions>
        <wf.a.BodyInvocationAction plugin="workflow-api@1384.vdc05a_48f535f"/>
        <wf.a.TimingAction plugin="workflow-api@1384.vdc05a_48f535f">
          <startTime>1765764332154</startTime>
        </wf.a.TimingAction>
        <wf.a.ErrorAction plugin="workflow-api@1384.vdc05a_48f535f">
          <error class="hudson.AbortException" reference="../../../../../entry[22]/Tag/actions/wf.a.ErrorAction/error"/>
        </wf.a.ErrorAction>
      </actions>
    </Tag>
  </entry>
  <entry>
    <string>27</string>
    <Tag plugin="workflow-support@1010.vb_b_39488a_9841">
      <node class="cps.n.StepEndNode" plugin="workflow-cps@4238.va_6fb_65c1f699">
        <parentIds>
          <string>26</string>
        </parentIds>
        <id>27</id>
        <startId>19</startId>
      </node>
      <actions>
        <wf.a.TimingAction plugin="workflow-api@1384.vdc05a_48f535f">
          <startTime>1765764332164</startTime>
        </wf.a.TimingAction>
        <wf.a.ErrorAction plugin="workflow-api@1384.vdc05a_48f535f">
          <error class="hudson.AbortException" reference="../../../../../entry[22]/Tag/actions/wf.a.ErrorAction/error"/>
        </wf.a.ErrorAction>
      </actions>
    </Tag>
  </entry>
  <entry>
    <string>28</string>
    <Tag plugin="workflow-support@1010.vb_b_39488a_9841">
      <node class="cps.n.StepStartNode" plugin="workflow-cps@4238.va_6fb_65c1f699">
        <parentIds>
          <string>27</string>
        </parentIds>
        <id>28</id>
        <descriptorId>org.jenkinsci.plugins.workflow.support.steps.StageStep</descriptorId>
      </node>
      <actions>
        <s.a.LogStorageAction/>
        <cps.a.ArgumentsActionImpl plugin="workflow-cps@4238.va_6fb_65c1f699">
          <arguments>
            <entry>
              <string>name</string>
              <string>Declarative: Post Actions</string>
            </entry>
          </arguments>
          <sensitiveVariables/>
          <isUnmodifiedBySanitization>true</isUnmodifiedBySanitization>
        </cps.a.ArgumentsActionImpl>
        <wf.a.TimingAction plugin="workflow-api@1384.vdc05a_48f535f">
          <startTime>1765764332172</startTime>
        </wf.a.TimingAction>
      </actions>
    </Tag>
  </entry>
  <entry>
    <string>29</string>
    <Tag plugin="workflow-support@1010.vb_b_39488a_9841">
      <node class="cps.n.StepStartNode" plugin="workflow-cps@4238.va_6fb_65c1f699">
        <parentIds>
          <string>28</string>
        </parentIds>
        <id>29</id>
        <descriptorId>org.jenkinsci.plugins.workflow.support.steps.StageStep</descriptorId>
      </node>
      <actions>
        <wf.a.BodyInvocationAction plugin="workflow-api@1384.vdc05a_48f535f"/>
        <wf.a.LabelAction plugin="workflow-api@1384.vdc05a_48f535f">
          <displayName>Declarative: Post Actions</displayName>
        </wf.a.LabelAction>
        <wf.a.TimingAction plugin="workflow-api@1384.vdc05a_48f535f">
          <startTime>1765764332174</startTime>
        </wf.a.TimingAction>
        <wf.a.TagsAction plugin="workflow-api@1384.vdc05a_48f535f">
          <tags>
            <entry>
              <string>SYNTHETIC_STAGE</string>
              <string>POST</string>
            </entry>
          </tags>
        </wf.a.TagsAction>
      </actions>
    </Tag>
  </entry>
  <entry>
    <string>30</string>
    <Tag plugin="workflow-support@1010.vb_b_39488a_9841">
      <node class="cps.n.StepAtomNode" plugin="workflow-cps@4238.va_6fb_65c1f699">
        <parentIds>
          <string>29</string>
        </parentIds>
        <id>30</id>
        <descriptorId>org.jenkinsci.plugins.workflow.steps.EchoStep</descriptorId>
      </node>
      <actions>
        <cps.a.ArgumentsActionImpl plugin="workflow-cps@4238.va_6fb_65c1f699">
          <arguments>
            <entry>
              <string>message</string>
              <string>FAILURE: Could not trigger DAG team_a_dev_iris_pipeline</string>
            </entry>
          </arguments>
          <sensitiveVariables/>
          <isUnmodifiedBySanitization>true</isUnmodifiedBySanitization>
        </cps.a.ArgumentsActionImpl>
        <wf.a.TimingAction plugin="workflow-api@1384.vdc05a_48f535f">
          <startTime>1765764332187</startTime>
        </wf.a.TimingAction>
        <s.a.LogStorageAction/>
      </actions>
    </Tag>
  </entry>
  <entry>
    <string>31</string>
    <Tag plugin="workflow-support@1010.vb_b_39488a_9841">
      <node class="cps.n.StepEndNode" plugin="workflow-cps@4238.va_6fb_65c1f699">
        <parentIds>
          <string>30</string>
        </parentIds>
        <id>31</id>
        <startId>29</startId>
      </node>
      <actions>
        <wf.a.BodyInvocationAction plugin="workflow-api@1384.vdc05a_48f535f"/>
        <wf.a.TimingAction plugin="workflow-api@1384.vdc05a_48f535f">
          <startTime>1765764332193</startTime>
        </wf.a.TimingAction>
      </actions>
    </Tag>
  </entry>
  <entry>
    <string>32</string>
    <Tag plugin="workflow-support@1010.vb_b_39488a_9841">
      <node class="cps.n.StepEndNode" plugin="workflow-cps@4238.va_6fb_65c1f699">
        <parentIds>
          <string>31</string>
        </parentIds>
        <id>32</id>
        <startId>28</startId>
      </node>
      <actions>
        <wf.a.TimingAction plugin="workflow-api@1384.vdc05a_48f535f">
          <startTime>1765764332200</startTime>
        </wf.a.TimingAction>
      </actions>
    </Tag>
  </entry>
  <entry>
    <string>33</string>
    <Tag plugin="workflow-support@1010.vb_b_39488a_9841">
      <node class="cps.n.StepEndNode" plugin="workflow-cps@4238.va_6fb_65c1f699">
        <parentIds>
          <string>32</string>
        </parentIds>
        <id>33</id>
        <startId>13</startId>
      </node>
      <actions>
        <wf.a.BodyInvocationAction plugin="workflow-api@1384.vdc05a_48f535f"/>
        <wf.a.TimingAction plugin="workflow-api@1384.vdc05a_48f535f">
          <startTime>1765764332203</startTime>
        </wf.a.TimingAction>
        <wf.a.ErrorAction plugin="workflow-api@1384.vdc05a_48f535f">
          <error class="hudson.AbortException" reference="../../../../../entry[22]/Tag/actions/wf.a.ErrorAction/error"/>
        </wf.a.ErrorAction>
      </actions>
    </Tag>
  </entry>
  <entry>
    <string>34</string>
    <Tag plugin="workflow-support@1010.vb_b_39488a_9841">
      <node class="cps.n.StepEndNode" plugin="workflow-cps@4238.va_6fb_65c1f699">
        <parentIds>
          <string>33</string>
        </parentIds>
        <id>34</id>
        <startId>12</startId>
      </node>
      <actions>
        <wf.a.TimingAction plugin="workflow-api@1384.vdc05a_48f535f">
          <startTime>1765764332210</startTime>
        </wf.a.TimingAction>
        <wf.a.ErrorAction plugin="workflow-api@1384.vdc05a_48f535f">
          <error class="hudson.AbortException" reference="../../../../../entry[22]/Tag/actions/wf.a.ErrorAction/error"/>
        </wf.a.ErrorAction>
      </actions>
    </Tag>
  </entry>
  <entry>
    <string>35</string>
    <Tag plugin="workflow-support@1010.vb_b_39488a_9841">
      <node class="cps.n.StepEndNode" plugin="workflow-cps@4238.va_6fb_65c1f699">
        <parentIds>
          <string>34</string>
        </parentIds>
        <id>35</id>
        <startId>11</startId>
      </node>
      <actions>
        <wf.a.BodyInvocationAction plugin="workflow-api@1384.vdc05a_48f535f"/>
        <wf.a.TimingAction plugin="workflow-api@1384.vdc05a_48f535f">
          <startTime>1765764332214</startTime>
        </wf.a.TimingAction>
        <wf.a.ErrorAction plugin="workflow-api@1384.vdc05a_48f535f">
          <error class="hudson.AbortException" reference="../../../../../entry[22]/Tag/actions/wf.a.ErrorAction/error"/>
        </wf.a.ErrorAction>
      </actions>
    </Tag>
  </entry>
  <entry>
    <string>36</string>
    <Tag plugin="workflow-support@1010.vb_b_39488a_9841">
      <node class="cps.n.StepEndNode" plugin="workflow-cps@4238.va_6fb_65c1f699">
        <parentIds>
          <string>35</string>
        </parentIds>
        <id>36</id>
        <startId>10</startId>
      </node>
      <actions>
        <wf.a.TimingAction plugin="workflow-api@1384.vdc05a_48f535f">
          <startTime>1765764332220</startTime>
        </wf.a.TimingAction>
        <wf.a.ErrorAction plugin="workflow-api@1384.vdc05a_48f535f">
          <error class="hudson.AbortException" reference="../../../../../entry[22]/Tag/actions/wf.a.ErrorAction/error"/>
        </wf.a.ErrorAction>
      </actions>
    </Tag>
  </entry>
  <entry>
    <string>37</string>
    <Tag plugin="workflow-support@1010.vb_b_39488a_9841">
      <node class="cps.n.StepEndNode" plugin="workflow-cps@4238.va_6fb_65c1f699">
        <parentIds>
          <string>36</string>
        </parentIds>
        <id>37</id>
        <startId>4</startId>
      </node>
      <actions>
        <wf.a.BodyInvocationAction plugin="workflow-api@1384.vdc05a_48f535f"/>
        <wf.a.TimingAction plugin="workflow-api@1384.vdc05a_48f535f">
          <startTime>1765764332224</startTime>
        </wf.a.TimingAction>
        <wf.a.ErrorAction plugin="workflow-api@1384.vdc05a_48f535f">
          <error class="hudson.AbortException" reference="../../../../../entry[22]/Tag/actions/wf.a.ErrorAction/error"/>
        </wf.a.ErrorAction>
      </actions>
    </Tag>
  </entry>
  <entry>
    <string>38</string>
    <Tag plugin="workflow-support@1010.vb_b_39488a_9841">
      <node class="cps.n.StepEndNode" plugin="workflow-cps@4238.va_6fb_65c1f699">
        <parentIds>
          <string>37</string>
        </parentIds>
        <id>38</id>
        <startId>3</startId>
      </node>
      <actions>
        <wf.a.TimingAction plugin="workflow-api@1384.vdc05a_48f535f">
          <startTime>1765764332232</startTime>
        </wf.a.TimingAction>
        <wf.a.ErrorAction plugin="workflow-api@1384.vdc05a_48f535f">
          <error class="hudson.AbortException" reference="../../../../../entry[22]/Tag/actions/wf.a.ErrorAction/error"/>
        </wf.a.ErrorAction>
        <wf.a.ErrorAction plugin="workflow-api@1384.vdc05a_48f535f">
          <error class="hudson.AbortException" reference="../../../../../entry[22]/Tag/actions/wf.a.ErrorAction/error"/>
        </wf.a.ErrorAction>
      </actions>
    </Tag>
  </entry>
  <entry>
    <string>39</string>
    <Tag plugin="workflow-support@1010.vb_b_39488a_9841">
      <node class="org.jenkinsci.plugins.workflow.graph.FlowEndNode" plugin="workflow-api@1384.vdc05a_48f535f">
        <parentIds>
          <string>38</string>
        </parentIds>
        <id>39</id>
        <startId>2</startId>
        <result>
          <name>FAILURE</name>
          <ordinal>2</ordinal>
          <color>RED</color>
          <completeBuild>true</completeBuild>
        </result>
      </node>
      <actions>
        <wf.a.ErrorAction plugin="workflow-api@1384.vdc05a_48f535f">
          <error class="hudson.AbortException" reference="../../../../../entry[22]/Tag/actions/wf.a.ErrorAction/error"/>
        </wf.a.ErrorAction>
        <wf.a.TimingAction plugin="workflow-api@1384.vdc05a_48f535f">
          <startTime>1765764332238</startTime>
        </wf.a.TimingAction>
      </actions>
    </Tag>
  </entry>
</linked-hash-map>